,arunshivaram,Wei,xiangshuai,Research,theGreatHeisenberg,manojmj92,rmad17,rakeshsukla53,Mike-Xie,Hexkbr,rameshkopparapu,jim,vikas-parashar,prasanthlouis,jayasth,vijetha35,stickster,matheeeny,pulkitpahwa,euphonogenizer,rahlk,djadmin,Indish,bikurishita,easyfly007,shaharzeira,DestroyerAlpha,naveen,peterk143,skyrideraj,Abhi0725,CarterPape,sohamchakravarty,ghoiufyia,abhik137,shrikrishnaholla,kracekumar,cgutshal,kelcecil,poryfly,thesantosh,Kingson,GeorgePanzerMathew,darthvish,adamminter4,dragonfly90,apoorv74,unmarshal,jmilinovich,raghuveerkancherla,mrafayaleem,dgersting,imanujagarwal,SudShekhar,datasaur,digen,revathskumar,bup,shenwei356,rcdosado,ameenkhan07,rahul,routeaccess,jptiancai,svakeeswaran,seowyanyi,SmitBawkar,pratik98,dremelofdeath,nishant57,umangmathur92,jsinix,madratman,rahimnathwani,aminator,vjex,pareekrachit,liveashish,abhi92,Niharika29,govg,aryak93,prakashn27,shyam057cs,vivekaxl,nkcsgexi,milangupta511,Harishwar,timm
arunshivaram,0,0.095,0.107,0.136,0.05,0.029,0.089,0.104,0.1,0.008,0.138,0.095,0.09,0.108,0.079,0.124,0.09,0.092,0.065,0.1,0.136,0.083,0.029,0.079,0.098,0.108,0.503,0.079,0.119,0.203,0.086,0.081,0.136,0.128,0.187,0.078,0.113,0.38,0.111,0.514,0.669,0.336,0.096,0.089,0.185,0.06,0.037,0.091,0.132,0.071,0.074,0.081,0.357,0.085,0.116,0.07,0.263,0.063,0.11,0.083,0.137,0.136,0.136,0.443,0.651,0.158,0.098,0.157,0.1,0.082,0.062,0.087,0.083,0.268,0.092,0.093,0.029,0.096,0.098,0.22,0.18,0.102,0.117,0.064,0.147,0.111,0.029,0.187,0.105
Wei,0.095,0,0.049,0.09,0.091,0.101,0.124,0.134,0.089,0.093,0.186,0.044,0.113,0.074,0.096,0.143,0.075,0.131,0.091,0.084,0.09,0.127,0.101,0.059,0.069,0.065,0.544,0.054,0.125,0.186,0.099,0.081,0.077,0.181,0.214,0.098,0.085,0.356,0.13,0.556,0.628,0.297,0.046,0.128,0.219,0.116,0.107,0.052,0.135,0.068,0.104,0.049,0.39,0.111,0.172,0.078,0.307,0.07,0.128,0.109,0.13,0.09,0.178,0.48,0.664,0.107,0.128,0.198,0.084,0.133,0.068,0.088,0.11,0.304,0.131,0.114,0.101,0.095,0.067,0.273,0.153,0.09,0.158,0.101,0.08,0.057,0.101,0.221,0.038
xiangshuai,0.107,0.049,0,0.091,0.107,0.112,0.133,0.148,0.094,0.105,0.185,0.068,0.119,0.073,0.109,0.137,0.089,0.142,0.103,0.088,0.091,0.129,0.112,0.081,0.069,0.052,0.541,0.065,0.122,0.194,0.108,0.091,0.072,0.178,0.217,0.091,0.097,0.365,0.131,0.552,0.628,0.298,0.069,0.133,0.226,0.123,0.116,0.056,0.137,0.082,0.11,0.071,0.39,0.122,0.173,0.087,0.302,0.083,0.133,0.119,0.13,0.091,0.181,0.478,0.666,0.107,0.134,0.199,0.088,0.14,0.069,0.089,0.12,0.303,0.142,0.121,0.112,0.081,0.064,0.269,0.156,0.094,0.166,0.104,0.082,0.059,0.112,0.225,0.063
Research,0.136,0.09,0.091,0,0.15,0.137,0.159,0.174,0.141,0.135,0.218,0.083,0.15,0.123,0.115,0.195,0.102,0.166,0.121,0.085,0,0.164,0.137,0.116,0.123,0.103,0.574,0.098,0.191,0.244,0.163,0.101,0.122,0.217,0.267,0.146,0.118,0.422,0.183,0.586,0.661,0.337,0.075,0.166,0.258,0.163,0.146,0.116,0.176,0.112,0.154,0.103,0.437,0.137,0.223,0.123,0.335,0.108,0.175,0.135,0.162,0,0.221,0.517,0.704,0.158,0.169,0.235,0.085,0.175,0.109,0.142,0.161,0.342,0.166,0.161,0.137,0.127,0.071,0.303,0.201,0.142,0.173,0.126,0.095,0.117,0.137,0.268,0.069
theGreatHeisenberg,0.05,0.091,0.107,0.15,0,0.053,0.076,0.095,0.093,0.048,0.126,0.094,0.066,0.11,0.073,0.093,0.085,0.077,0.058,0.104,0.15,0.074,0.053,0.068,0.09,0.108,0.487,0.075,0.095,0.19,0.069,0.076,0.136,0.118,0.162,0.068,0.12,0.349,0.087,0.498,0.659,0.325,0.097,0.071,0.176,0.067,0.056,0.075,0.114,0.056,0.049,0.074,0.333,0.073,0.098,0.056,0.248,0.061,0.095,0.07,0.133,0.15,0.108,0.421,0.63,0.148,0.074,0.134,0.104,0.063,0.068,0.073,0.05,0.245,0.077,0.063,0.053,0.104,0.107,0.214,0.164,0.095,0.114,0.069,0.151,0.107,0.053,0.159,0.103
manojmj92,0.029,0.101,0.112,0.137,0.053,0,0.095,0.119,0.092,0.025,0.122,0.104,0.086,0.111,0.08,0.122,0.095,0.097,0.067,0.096,0.137,0.072,0,0.086,0.097,0.114,0.486,0.088,0.121,0.214,0.079,0.08,0.14,0.116,0.178,0.072,0.114,0.377,0.1,0.498,0.674,0.34,0.102,0.086,0.169,0.07,0.034,0.091,0.122,0.072,0.077,0.091,0.349,0.088,0.115,0.074,0.245,0.069,0.109,0.085,0.123,0.137,0.124,0.428,0.639,0.164,0.094,0.143,0.096,0.076,0.068,0.08,0.082,0.253,0.097,0.086,0,0.097,0.098,0.204,0.18,0.094,0.108,0.068,0.153,0.116,0,0.178,0.107
rmad17,0.089,0.124,0.133,0.159,0.076,0.095,0,0.086,0.138,0.089,0.145,0.103,0.051,0.153,0.075,0.098,0.085,0.037,0.056,0.115,0.159,0.11,0.095,0.092,0.112,0.13,0.493,0.09,0.114,0.192,0.12,0.076,0.155,0.152,0.19,0.094,0.147,0.376,0.121,0.507,0.683,0.349,0.119,0.053,0.21,0.084,0.088,0.112,0.148,0.081,0.055,0.1,0.322,0.04,0.095,0.066,0.26,0.068,0.099,0.042,0.173,0.159,0.127,0.432,0.645,0.179,0.058,0.143,0.115,0.1,0.089,0.11,0.07,0.258,0.037,0.077,0.095,0.152,0.125,0.249,0.19,0.14,0.146,0.077,0.173,0.133,0.095,0.181,0.126
rakeshsukla53,0.104,0.134,0.148,0.174,0.095,0.119,0.086,0,0.17,0.11,0.192,0.12,0.104,0.159,0.105,0.134,0.101,0.067,0.086,0.154,0.174,0.146,0.119,0.102,0.147,0.147,0.544,0.095,0.139,0.199,0.146,0.108,0.182,0.182,0.232,0.136,0.169,0.389,0.163,0.552,0.687,0.358,0.132,0.106,0.245,0.1,0.125,0.122,0.187,0.104,0.091,0.093,0.36,0.095,0.127,0.102,0.308,0.093,0.132,0.096,0.214,0.174,0.165,0.475,0.673,0.187,0.116,0.193,0.154,0.127,0.112,0.148,0.1,0.304,0.067,0.119,0.119,0.154,0.149,0.285,0.211,0.172,0.167,0.101,0.187,0.159,0.119,0.213,0.144
Mike-Xie,0.1,0.089,0.094,0.141,0.093,0.092,0.138,0.17,0,0.094,0.141,0.11,0.117,0.08,0.121,0.132,0.111,0.149,0.111,0.099,0.141,0.104,0.092,0.097,0.063,0.101,0.48,0.106,0.114,0.198,0.072,0.111,0.091,0.143,0.163,0.077,0.103,0.338,0.089,0.497,0.625,0.295,0.111,0.124,0.16,0.113,0.097,0.081,0.096,0.09,0.108,0.106,0.344,0.13,0.148,0.09,0.249,0.097,0.118,0.126,0.07,0.141,0.145,0.424,0.613,0.126,0.122,0.158,0.099,0.115,0.089,0.046,0.113,0.251,0.149,0.108,0.092,0.096,0.102,0.211,0.143,0.004,0.141,0.111,0.122,0.088,0.092,0.187,0.101
Hexkbr,0.008,0.093,0.105,0.135,0.048,0.025,0.089,0.11,0.094,0,0.133,0.094,0.088,0.105,0.079,0.121,0.09,0.094,0.066,0.097,0.135,0.079,0.025,0.078,0.094,0.106,0.498,0.08,0.115,0.202,0.081,0.08,0.132,0.125,0.182,0.073,0.11,0.376,0.105,0.509,0.666,0.333,0.095,0.088,0.18,0.063,0.031,0.089,0.127,0.069,0.073,0.082,0.354,0.085,0.116,0.068,0.258,0.063,0.109,0.082,0.129,0.135,0.132,0.439,0.647,0.156,0.095,0.153,0.097,0.08,0.061,0.081,0.082,0.263,0.094,0.089,0.025,0.094,0.096,0.216,0.176,0.096,0.116,0.066,0.145,0.107,0.025,0.183,0.103
rameshkopparapu,0.138,0.186,0.185,0.218,0.126,0.122,0.145,0.192,0.141,0.133,0,0.19,0.119,0.188,0.142,0.11,0.17,0.148,0.142,0.153,0.218,0.087,0.122,0.169,0.153,0.191,0.374,0.173,0.148,0.248,0.132,0.153,0.205,0.065,0.115,0.114,0.193,0.376,0.093,0.384,0.674,0.347,0.192,0.105,0.153,0.151,0.116,0.164,0.123,0.136,0.119,0.178,0.294,0.14,0.12,0.136,0.132,0.156,0.142,0.137,0.136,0.218,0.071,0.32,0.585,0.214,0.109,0.053,0.153,0.089,0.15,0.126,0.114,0.146,0.148,0.099,0.122,0.161,0.184,0.125,0.189,0.141,0.125,0.146,0.219,0.186,0.122,0.12,0.19
jim,0.095,0.044,0.068,0.083,0.094,0.104,0.103,0.12,0.11,0.094,0.19,0,0.102,0.095,0.08,0.145,0.054,0.111,0.075,0.079,0.083,0.133,0.104,0.06,0.077,0.076,0.551,0.044,0.135,0.185,0.118,0.065,0.092,0.192,0.224,0.105,0.1,0.37,0.14,0.564,0.641,0.31,0.04,0.117,0.234,0.111,0.109,0.072,0.144,0.065,0.097,0.048,0.388,0.089,0.167,0.068,0.313,0.055,0.123,0.088,0.151,0.083,0.18,0.487,0.674,0.121,0.119,0.199,0.079,0.133,0.064,0.102,0.107,0.31,0.111,0.114,0.104,0.116,0.065,0.284,0.163,0.111,0.159,0.091,0.09,0.076,0.104,0.222,0.039
vikas-parashar,0.09,0.113,0.119,0.15,0.066,0.086,0.051,0.104,0.117,0.088,0.119,0.102,0,0.142,0.06,0.075,0.08,0.055,0.048,0.094,0.15,0.084,0.086,0.088,0.099,0.118,0.472,0.086,0.106,0.204,0.102,0.061,0.149,0.129,0.165,0.074,0.14,0.356,0.09,0.485,0.678,0.342,0.111,0.039,0.192,0.097,0.083,0.093,0.115,0.062,0.047,0.094,0.318,0.041,0.098,0.058,0.235,0.065,0.095,0.039,0.149,0.15,0.099,0.406,0.627,0.169,0.05,0.115,0.094,0.078,0.081,0.089,0.044,0.229,0.055,0.043,0.086,0.137,0.115,0.223,0.175,0.118,0.125,0.075,0.164,0.124,0.086,0.156,0.113
prasanthlouis,0.108,0.074,0.073,0.123,0.11,0.111,0.153,0.159,0.08,0.105,0.188,0.095,0.142,0,0.136,0.156,0.103,0.159,0.122,0.115,0.123,0.142,0.111,0.087,0.071,0.09,0.536,0.089,0.125,0.178,0.103,0.122,0.073,0.186,0.211,0.104,0.096,0.36,0.134,0.548,0.599,0.271,0.098,0.148,0.213,0.12,0.123,0.08,0.147,0.095,0.121,0.084,0.391,0.147,0.174,0.098,0.301,0.099,0.137,0.144,0.116,0.123,0.189,0.474,0.662,0.09,0.146,0.205,0.115,0.144,0.09,0.093,0.133,0.302,0.159,0.136,0.111,0.082,0.097,0.262,0.136,0.08,0.175,0.123,0.084,0.075,0.111,0.225,0.091
jayasth,0.079,0.096,0.109,0.115,0.073,0.08,0.075,0.105,0.121,0.079,0.142,0.08,0.06,0.136,0,0.118,0.064,0.072,0.041,0.067,0.115,0.086,0.08,0.083,0.106,0.11,0.506,0.073,0.138,0.221,0.115,0.039,0.147,0.144,0.199,0.092,0.13,0.382,0.116,0.518,0.685,0.35,0.08,0.077,0.207,0.102,0.084,0.092,0.117,0.057,0.075,0.079,0.361,0.044,0.136,0.067,0.266,0.058,0.116,0.042,0.153,0.115,0.131,0.444,0.653,0.17,0.091,0.152,0.067,0.085,0.07,0.101,0.068,0.267,0.072,0.081,0.08,0.124,0.091,0.241,0.188,0.122,0.109,0.062,0.147,0.118,0.08,0.181,0.09
vijetha35,0.124,0.143,0.137,0.195,0.093,0.122,0.098,0.134,0.132,0.121,0.11,0.145,0.075,0.156,0.118,0,0.128,0.101,0.108,0.139,0.195,0.096,0.122,0.119,0.117,0.139,0.444,0.123,0.083,0.195,0.109,0.118,0.163,0.113,0.14,0.082,0.17,0.336,0.079,0.454,0.654,0.324,0.152,0.072,0.193,0.122,0.114,0.111,0.125,0.101,0.069,0.129,0.292,0.102,0.092,0.096,0.211,0.116,0.108,0.1,0.155,0.195,0.086,0.376,0.604,0.17,0.072,0.103,0.139,0.092,0.115,0.101,0.07,0.204,0.101,0.064,0.122,0.141,0.154,0.21,0.166,0.133,0.15,0.118,0.187,0.138,0.122,0.14,0.155
stickster,0.09,0.075,0.089,0.102,0.085,0.095,0.085,0.101,0.111,0.09,0.17,0.054,0.08,0.103,0.064,0.128,0,0.084,0.053,0.079,0.102,0.12,0.095,0.061,0.08,0.092,0.53,0.043,0.125,0.186,0.115,0.057,0.112,0.178,0.211,0.095,0.114,0.373,0.126,0.543,0.652,0.318,0.072,0.091,0.222,0.099,0.104,0.078,0.132,0.051,0.078,0.051,0.369,0.069,0.144,0.054,0.291,0.04,0.108,0.068,0.151,0.102,0.157,0.468,0.665,0.134,0.099,0.178,0.079,0.112,0.06,0.097,0.082,0.29,0.084,0.098,0.095,0.119,0.082,0.27,0.164,0.113,0.145,0.073,0.114,0.098,0.095,0.201,0.073
matheeeny,0.092,0.131,0.142,0.166,0.077,0.097,0.037,0.067,0.149,0.094,0.148,0.111,0.055,0.159,0.072,0.101,0.084,0,0.057,0.124,0.166,0.111,0.097,0.098,0.124,0.139,0.497,0.091,0.12,0.199,0.125,0.081,0.17,0.153,0.195,0.103,0.159,0.377,0.125,0.508,0.689,0.355,0.125,0.053,0.216,0.088,0.097,0.116,0.149,0.083,0.058,0.099,0.326,0.047,0.095,0.075,0.263,0.074,0.102,0.05,0.186,0.166,0.123,0.434,0.647,0.185,0.069,0.145,0.124,0.093,0.093,0.121,0.062,0.26,0,0.08,0.097,0.155,0.135,0.252,0.196,0.151,0.144,0.078,0.182,0.146,0.097,0.174,0.133
pulkitpahwa,0.065,0.091,0.103,0.121,0.058,0.067,0.056,0.086,0.111,0.066,0.142,0.075,0.048,0.122,0.041,0.108,0.053,0.057,0,0.076,0.121,0.091,0.067,0.064,0.093,0.102,0.505,0.062,0.122,0.206,0.104,0.032,0.136,0.143,0.193,0.08,0.123,0.373,0.109,0.518,0.679,0.343,0.082,0.065,0.203,0.083,0.074,0.08,0.128,0.044,0.058,0.064,0.351,0.04,0.117,0.047,0.265,0.033,0.106,0.037,0.149,0.121,0.129,0.443,0.652,0.161,0.074,0.15,0.076,0.088,0.061,0.09,0.062,0.266,0.057,0.07,0.067,0.118,0.089,0.24,0.18,0.113,0.122,0.055,0.145,0.111,0.067,0.188,0.089
euphonogenizer,0.1,0.084,0.088,0.085,0.104,0.096,0.115,0.154,0.099,0.097,0.153,0.079,0.094,0.115,0.067,0.139,0.079,0.124,0.076,0,0.085,0.102,0.096,0.088,0.087,0.093,0.51,0.089,0.15,0.232,0.118,0.056,0.117,0.158,0.209,0.089,0.111,0.382,0.117,0.524,0.668,0.335,0.071,0.111,0.206,0.128,0.1,0.087,0.111,0.071,0.107,0.091,0.384,0.091,0.169,0.084,0.272,0.077,0.136,0.087,0.12,0.085,0.158,0.454,0.659,0.157,0.117,0.171,0,0.119,0.075,0.093,0.106,0.277,0.124,0.103,0.096,0.112,0.066,0.245,0.178,0.1,0.132,0.092,0.116,0.09,0.096,0.211,0.072
rahlk,0.136,0.09,0.091,0,0.15,0.137,0.159,0.174,0.141,0.135,0.218,0.083,0.15,0.123,0.115,0.195,0.102,0.166,0.121,0.085,0,0.164,0.137,0.116,0.123,0.103,0.574,0.098,0.191,0.244,0.163,0.101,0.122,0.217,0.267,0.146,0.118,0.422,0.183,0.586,0.661,0.337,0.075,0.166,0.258,0.163,0.146,0.116,0.176,0.112,0.154,0.103,0.437,0.137,0.223,0.123,0.335,0.108,0.175,0.135,0.162,0,0.221,0.517,0.704,0.158,0.169,0.235,0.085,0.175,0.109,0.142,0.161,0.342,0.166,0.161,0.137,0.127,0.071,0.303,0.201,0.142,0.173,0.126,0.095,0.117,0.137,0.268,0.069
djadmin,0.083,0.127,0.129,0.164,0.074,0.072,0.11,0.146,0.104,0.079,0.087,0.133,0.084,0.142,0.086,0.096,0.12,0.111,0.091,0.102,0.164,0,0.072,0.118,0.116,0.125,0.449,0.118,0.126,0.235,0.092,0.097,0.162,0.076,0.148,0.07,0.148,0.366,0.065,0.462,0.683,0.35,0.126,0.085,0.163,0.103,0.068,0.108,0.087,0.092,0.085,0.123,0.33,0.094,0.113,0.095,0.21,0.102,0.118,0.091,0.123,0.164,0.087,0.391,0.616,0.183,0.095,0.109,0.102,0.048,0.09,0.082,0.075,0.216,0.111,0.08,0.072,0.109,0.12,0.17,0.188,0.105,0.083,0.083,0.178,0.131,0.072,0.141,0.134
Indish,0.029,0.101,0.112,0.137,0.053,0,0.095,0.119,0.092,0.025,0.122,0.104,0.086,0.111,0.08,0.122,0.095,0.097,0.067,0.096,0.137,0.072,0,0.086,0.097,0.114,0.486,0.088,0.121,0.214,0.079,0.08,0.14,0.116,0.178,0.072,0.114,0.377,0.1,0.498,0.674,0.34,0.102,0.086,0.169,0.07,0.034,0.091,0.122,0.072,0.077,0.091,0.349,0.088,0.115,0.074,0.245,0.069,0.109,0.085,0.123,0.137,0.124,0.428,0.639,0.164,0.094,0.143,0.096,0.076,0.068,0.08,0.082,0.253,0.097,0.086,0,0.097,0.098,0.204,0.18,0.094,0.108,0.068,0.153,0.116,0,0.178,0.107
bikurishita,0.079,0.059,0.081,0.116,0.068,0.086,0.092,0.102,0.097,0.078,0.169,0.06,0.088,0.087,0.083,0.119,0.061,0.098,0.064,0.088,0.116,0.118,0.086,0,0.071,0.086,0.526,0.053,0.111,0.182,0.094,0.067,0.103,0.167,0.201,0.085,0.101,0.354,0.117,0.538,0.641,0.308,0.066,0.098,0.207,0.096,0.094,0.053,0.137,0.05,0.077,0.04,0.365,0.088,0.143,0.058,0.288,0.052,0.114,0.085,0.138,0.116,0.155,0.463,0.654,0.125,0.097,0.177,0.088,0.115,0.068,0.086,0.084,0.286,0.098,0.088,0.086,0.106,0.086,0.262,0.155,0.098,0.151,0.09,0.111,0.076,0.086,0.206,0.07
easyfly007,0.098,0.069,0.069,0.123,0.09,0.097,0.112,0.147,0.063,0.094,0.153,0.077,0.099,0.071,0.106,0.117,0.08,0.124,0.093,0.087,0.123,0.116,0.097,0.071,0,0.085,0.499,0.075,0.098,0.162,0.086,0.092,0.062,0.164,0.179,0.069,0.101,0.345,0.097,0.514,0.607,0.273,0.092,0.104,0.195,0.103,0.101,0.065,0.115,0.066,0.084,0.078,0.347,0.107,0.141,0.061,0.267,0.074,0.095,0.105,0.099,0.123,0.154,0.441,0.632,0.095,0.1,0.165,0.087,0.118,0.067,0.06,0.099,0.266,0.124,0.094,0.097,0.1,0.089,0.246,0.119,0.064,0.161,0.102,0.091,0.062,0.097,0.194,0.08
shaharzeira,0.108,0.065,0.052,0.103,0.108,0.114,0.13,0.147,0.101,0.106,0.191,0.076,0.118,0.09,0.11,0.139,0.092,0.139,0.102,0.093,0.103,0.125,0.114,0.086,0.085,0,0.546,0.075,0.13,0.207,0.117,0.091,0.085,0.181,0.217,0.094,0.11,0.364,0.127,0.562,0.65,0.321,0.072,0.135,0.231,0.12,0.116,0.066,0.137,0.094,0.114,0.084,0.388,0.117,0.171,0.093,0.308,0.083,0.141,0.114,0.143,0.103,0.18,0.485,0.671,0.131,0.134,0.204,0.093,0.14,0.072,0.089,0.123,0.309,0.139,0.129,0.114,0.093,0.055,0.271,0.18,0.103,0.16,0.093,0.109,0.067,0.114,0.228,0.079
DestroyerAlpha,0.503,0.544,0.541,0.574,0.487,0.486,0.493,0.544,0.48,0.498,0.374,0.551,0.472,0.536,0.506,0.444,0.53,0.497,0.505,0.51,0.574,0.449,0.486,0.526,0.499,0.546,0,0.537,0.476,0.541,0.473,0.515,0.542,0.401,0.361,0.471,0.536,0.55,0.432,0.088,0.807,0.573,0.553,0.458,0.398,0.505,0.478,0.52,0.449,0.498,0.478,0.541,0.355,0.495,0.445,0.495,0.25,0.519,0.475,0.494,0.448,0.574,0.394,0.177,0.506,0.541,0.453,0.366,0.51,0.448,0.516,0.473,0.47,0.268,0.497,0.452,0.486,0.515,0.544,0.33,0.485,0.479,0.462,0.508,0.564,0.534,0.486,0.383,0.547
naveen,0.079,0.054,0.065,0.098,0.075,0.088,0.09,0.095,0.106,0.08,0.173,0.044,0.086,0.089,0.073,0.123,0.043,0.091,0.062,0.089,0.098,0.118,0.088,0.053,0.075,0.075,0.537,0,0.111,0.178,0.102,0.064,0.101,0.172,0.213,0.088,0.103,0.372,0.127,0.548,0.646,0.313,0.062,0.097,0.222,0.09,0.096,0.058,0.139,0.051,0.074,0.034,0.372,0.08,0.143,0.055,0.296,0.041,0.106,0.079,0.15,0.098,0.16,0.472,0.666,0.122,0.103,0.183,0.089,0.114,0.049,0.091,0.085,0.295,0.091,0.098,0.088,0.099,0.072,0.27,0.161,0.108,0.148,0.07,0.106,0.086,0.088,0.205,0.062
peterk143,0.119,0.125,0.122,0.191,0.095,0.121,0.114,0.139,0.114,0.115,0.148,0.135,0.106,0.125,0.138,0.083,0.125,0.12,0.122,0.15,0.191,0.126,0.121,0.111,0.098,0.13,0.476,0.111,0,0.158,0.078,0.134,0.128,0.151,0.165,0.083,0.129,0.327,0.102,0.486,0.627,0.299,0.148,0.101,0.182,0.106,0.113,0.101,0.134,0.108,0.087,0.12,0.305,0.128,0.107,0.101,0.248,0.112,0.103,0.127,0.143,0.191,0.13,0.41,0.612,0.144,0.103,0.149,0.15,0.121,0.109,0.09,0.092,0.242,0.12,0.097,0.121,0.136,0.15,0.24,0.153,0.115,0.181,0.126,0.167,0.114,0.121,0.168,0.145
skyrideraj,0.203,0.186,0.194,0.244,0.19,0.214,0.192,0.199,0.198,0.202,0.248,0.185,0.204,0.178,0.221,0.195,0.186,0.199,0.206,0.232,0.244,0.235,0.214,0.182,0.162,0.207,0.541,0.178,0.158,0,0.198,0.219,0.166,0.264,0.231,0.201,0.211,0.366,0.213,0.55,0.517,0.204,0.212,0.195,0.291,0.189,0.212,0.192,0.238,0.183,0.169,0.179,0.352,0.207,0.199,0.168,0.339,0.189,0.168,0.207,0.224,0.244,0.236,0.475,0.659,0.127,0.183,0.244,0.232,0.213,0.192,0.193,0.194,0.322,0.199,0.196,0.214,0.212,0.225,0.333,0.128,0.198,0.27,0.214,0.178,0.187,0.214,0.246,0.204
Abhi0725,0.086,0.099,0.108,0.163,0.069,0.079,0.12,0.146,0.072,0.081,0.132,0.118,0.102,0.103,0.115,0.109,0.115,0.125,0.104,0.118,0.163,0.092,0.079,0.094,0.086,0.117,0.473,0.102,0.078,0.198,0,0.111,0.122,0.125,0.162,0.066,0.095,0.331,0.082,0.486,0.648,0.317,0.118,0.105,0.136,0.094,0.077,0.082,0.102,0.09,0.094,0.105,0.327,0.121,0.124,0.093,0.241,0.096,0.106,0.118,0.1,0.163,0.122,0.413,0.605,0.149,0.111,0.144,0.118,0.099,0.091,0.06,0.086,0.24,0.125,0.09,0.079,0.109,0.122,0.212,0.164,0.074,0.14,0.107,0.154,0.097,0.079,0.167,0.115
CarterPape,0.081,0.081,0.091,0.101,0.076,0.08,0.076,0.108,0.111,0.08,0.153,0.065,0.061,0.122,0.039,0.118,0.057,0.081,0.032,0.056,0.101,0.097,0.08,0.067,0.092,0.091,0.515,0.064,0.134,0.219,0.111,0,0.13,0.153,0.204,0.084,0.119,0.374,0.115,0.528,0.68,0.345,0.064,0.084,0.211,0.103,0.085,0.076,0.125,0.05,0.077,0.066,0.366,0.052,0.14,0.059,0.274,0.043,0.119,0.049,0.146,0.101,0.142,0.453,0.658,0.161,0.091,0.162,0.056,0.103,0.062,0.094,0.078,0.275,0.081,0.081,0.08,0.117,0.072,0.249,0.183,0.113,0.126,0.067,0.134,0.101,0.08,0.2,0.072
sohamchakravarty,0.136,0.077,0.072,0.122,0.136,0.14,0.155,0.182,0.091,0.132,0.205,0.092,0.149,0.073,0.147,0.163,0.112,0.17,0.136,0.117,0.122,0.162,0.14,0.103,0.062,0.085,0.542,0.101,0.128,0.166,0.122,0.13,0,0.211,0.22,0.113,0.1,0.353,0.144,0.558,0.59,0.264,0.105,0.156,0.229,0.14,0.141,0.092,0.151,0.113,0.135,0.106,0.382,0.152,0.189,0.109,0.315,0.11,0.139,0.15,0.123,0.122,0.205,0.485,0.657,0.09,0.151,0.218,0.117,0.17,0.102,0.099,0.149,0.313,0.17,0.148,0.14,0.119,0.098,0.289,0.138,0.091,0.201,0.139,0.072,0.061,0.14,0.241,0.092
ghoiufyia,0.128,0.181,0.178,0.217,0.118,0.116,0.152,0.182,0.143,0.125,0.065,0.192,0.129,0.186,0.144,0.113,0.178,0.153,0.143,0.158,0.217,0.076,0.116,0.167,0.164,0.181,0.401,0.172,0.151,0.264,0.125,0.153,0.211,0,0.137,0.116,0.193,0.38,0.1,0.41,0.693,0.366,0.185,0.122,0.149,0.144,0.111,0.155,0.131,0.141,0.126,0.174,0.311,0.146,0.127,0.144,0.164,0.158,0.152,0.143,0.145,0.217,0.083,0.349,0.591,0.222,0.125,0.097,0.158,0.088,0.149,0.125,0.12,0.182,0.153,0.11,0.116,0.14,0.178,0.124,0.211,0.143,0.108,0.138,0.225,0.183,0.116,0.144,0.191
abhik137,0.187,0.214,0.217,0.267,0.162,0.178,0.19,0.232,0.163,0.182,0.115,0.224,0.165,0.211,0.199,0.14,0.211,0.195,0.193,0.209,0.267,0.148,0.178,0.201,0.179,0.217,0.361,0.213,0.165,0.231,0.162,0.204,0.22,0.137,0,0.164,0.227,0.322,0.122,0.377,0.626,0.312,0.227,0.16,0.181,0.194,0.169,0.196,0.154,0.178,0.159,0.212,0.26,0.188,0.155,0.171,0.154,0.198,0.173,0.186,0.16,0.267,0.105,0.296,0.549,0.21,0.145,0.1,0.209,0.139,0.197,0.155,0.156,0.136,0.195,0.143,0.178,0.201,0.226,0.142,0.175,0.163,0.174,0.197,0.243,0.211,0.178,0.112,0.223
shrikrishnaholla,0.078,0.098,0.091,0.146,0.068,0.072,0.094,0.136,0.077,0.073,0.114,0.105,0.074,0.104,0.092,0.082,0.095,0.103,0.08,0.089,0.146,0.07,0.072,0.085,0.069,0.094,0.471,0.088,0.083,0.201,0.066,0.084,0.113,0.116,0.164,0,0.117,0.35,0.061,0.484,0.656,0.322,0.109,0.073,0.17,0.082,0.069,0.072,0.094,0.073,0.068,0.098,0.33,0.092,0.104,0.071,0.232,0.076,0.095,0.088,0.11,0.146,0.115,0.413,0.625,0.148,0.082,0.131,0.089,0.085,0.059,0.052,0.07,0.237,0.103,0.071,0.072,0.098,0.097,0.21,0.163,0.079,0.135,0.08,0.144,0.087,0.072,0.167,0.11
kracekumar,0.113,0.085,0.097,0.118,0.12,0.114,0.147,0.169,0.103,0.11,0.193,0.1,0.14,0.096,0.13,0.17,0.114,0.159,0.123,0.111,0.118,0.148,0.114,0.101,0.101,0.11,0.536,0.103,0.129,0.211,0.095,0.119,0.1,0.193,0.227,0.117,0,0.368,0.151,0.548,0.648,0.322,0.097,0.151,0.191,0.136,0.113,0.103,0.153,0.109,0.138,0.105,0.39,0.143,0.19,0.115,0.304,0.105,0.157,0.141,0.121,0.118,0.19,0.476,0.66,0.149,0.154,0.207,0.111,0.159,0.109,0.106,0.139,0.304,0.159,0.14,0.114,0.128,0.105,0.273,0.183,0.104,0.177,0.132,0.122,0.087,0.114,0.236,0.09
cgutshal,0.38,0.356,0.365,0.422,0.349,0.377,0.376,0.389,0.338,0.376,0.376,0.37,0.356,0.36,0.382,0.336,0.373,0.377,0.373,0.382,0.422,0.366,0.377,0.354,0.345,0.364,0.55,0.372,0.327,0.366,0.331,0.374,0.353,0.38,0.322,0.35,0.368,0,0.326,0.568,0.664,0.416,0.372,0.365,0.361,0.378,0.373,0.344,0.335,0.361,0.357,0.365,0.395,0.378,0.359,0.361,0.41,0.368,0.358,0.377,0.352,0.422,0.346,0.468,0.577,0.351,0.361,0.356,0.382,0.365,0.371,0.339,0.345,0.369,0.377,0.346,0.377,0.387,0.386,0.406,0.347,0.338,0.395,0.388,0.386,0.347,0.377,0.346,0.367
kelcecil,0.111,0.13,0.131,0.183,0.087,0.1,0.121,0.163,0.089,0.105,0.093,0.14,0.09,0.134,0.116,0.079,0.126,0.125,0.109,0.117,0.183,0.065,0.1,0.117,0.097,0.127,0.432,0.127,0.102,0.213,0.082,0.115,0.144,0.1,0.122,0.061,0.151,0.326,0,0.448,0.652,0.32,0.14,0.089,0.155,0.115,0.096,0.103,0.073,0.099,0.088,0.131,0.304,0.114,0.108,0.097,0.199,0.113,0.108,0.11,0.107,0.183,0.085,0.374,0.592,0.164,0.09,0.102,0.117,0.077,0.102,0.066,0.078,0.199,0.125,0.077,0.1,0.124,0.134,0.18,0.161,0.089,0.126,0.11,0.174,0.121,0.1,0.132,0.141
poryfly,0.514,0.556,0.552,0.586,0.498,0.498,0.507,0.552,0.497,0.509,0.384,0.564,0.485,0.548,0.518,0.454,0.543,0.508,0.518,0.524,0.586,0.462,0.498,0.538,0.514,0.562,0.088,0.548,0.486,0.55,0.486,0.528,0.558,0.41,0.377,0.484,0.548,0.568,0.448,0,0.805,0.577,0.565,0.469,0.422,0.519,0.489,0.532,0.468,0.509,0.488,0.551,0.388,0.509,0.458,0.508,0.259,0.533,0.492,0.508,0.466,0.586,0.406,0.176,0.541,0.551,0.466,0.377,0.524,0.46,0.529,0.49,0.48,0.278,0.508,0.462,0.498,0.525,0.559,0.343,0.493,0.497,0.477,0.524,0.575,0.548,0.498,0.393,0.56
thesantosh,0.669,0.628,0.628,0.661,0.659,0.674,0.683,0.687,0.625,0.666,0.674,0.641,0.678,0.599,0.685,0.654,0.652,0.689,0.679,0.668,0.661,0.683,0.674,0.641,0.607,0.65,0.807,0.646,0.627,0.517,0.648,0.68,0.59,0.693,0.626,0.656,0.648,0.664,0.652,0.805,0,0.337,0.655,0.671,0.698,0.668,0.677,0.638,0.661,0.64,0.646,0.637,0.729,0.686,0.678,0.637,0.707,0.662,0.633,0.684,0.614,0.661,0.682,0.763,0.864,0.529,0.655,0.676,0.668,0.668,0.655,0.64,0.663,0.691,0.689,0.654,0.674,0.628,0.665,0.71,0.505,0.623,0.704,0.687,0.572,0.621,0.674,0.665,0.64
Kingson,0.336,0.297,0.298,0.337,0.325,0.34,0.349,0.358,0.295,0.333,0.347,0.31,0.342,0.271,0.35,0.324,0.318,0.355,0.343,0.335,0.337,0.35,0.34,0.308,0.273,0.321,0.573,0.313,0.299,0.204,0.317,0.345,0.264,0.366,0.312,0.322,0.322,0.416,0.32,0.577,0.337,0,0.324,0.336,0.383,0.337,0.343,0.305,0.332,0.304,0.311,0.304,0.458,0.35,0.35,0.301,0.407,0.327,0.303,0.349,0.29,0.337,0.353,0.517,0.68,0.198,0.321,0.351,0.335,0.335,0.321,0.307,0.328,0.393,0.355,0.319,0.34,0.3,0.335,0.403,0.17,0.293,0.375,0.353,0.247,0.291,0.34,0.348,0.31
GeorgePanzerMathew,0.096,0.046,0.069,0.075,0.097,0.102,0.119,0.132,0.111,0.095,0.192,0.04,0.111,0.098,0.08,0.152,0.072,0.125,0.082,0.071,0.075,0.126,0.102,0.066,0.092,0.072,0.553,0.062,0.148,0.212,0.118,0.064,0.105,0.185,0.227,0.109,0.097,0.372,0.14,0.565,0.655,0.324,0,0.131,0.229,0.124,0.108,0.071,0.141,0.073,0.111,0.059,0.4,0.1,0.181,0.083,0.314,0.069,0.142,0.097,0.146,0.075,0.181,0.49,0.677,0.136,0.132,0.204,0.071,0.134,0.074,0.104,0.113,0.313,0.125,0.12,0.102,0.108,0.054,0.278,0.178,0.112,0.147,0.095,0.1,0.076,0.102,0.228,0.035
darthvish,0.089,0.128,0.133,0.166,0.071,0.086,0.053,0.106,0.124,0.088,0.105,0.117,0.039,0.148,0.077,0.072,0.091,0.053,0.065,0.111,0.166,0.085,0.086,0.098,0.104,0.135,0.458,0.097,0.101,0.195,0.105,0.084,0.156,0.122,0.16,0.073,0.151,0.365,0.089,0.469,0.671,0.336,0.131,0,0.188,0.089,0.082,0.108,0.12,0.073,0.042,0.107,0.308,0.056,0.082,0.067,0.221,0.079,0.086,0.055,0.152,0.166,0.092,0.397,0.624,0.172,0.041,0.106,0.111,0.071,0.087,0.096,0.045,0.221,0.053,0.048,0.086,0.14,0.131,0.217,0.172,0.126,0.132,0.083,0.173,0.135,0.086,0.145,0.132
adamminter4,0.185,0.219,0.226,0.258,0.176,0.169,0.21,0.245,0.16,0.18,0.153,0.234,0.192,0.213,0.207,0.193,0.222,0.216,0.203,0.206,0.258,0.163,0.169,0.207,0.195,0.231,0.398,0.222,0.182,0.291,0.136,0.211,0.229,0.149,0.181,0.17,0.191,0.361,0.155,0.422,0.698,0.383,0.229,0.188,0,0.185,0.167,0.199,0.16,0.197,0.196,0.223,0.292,0.211,0.19,0.2,0.204,0.207,0.18,0.209,0.139,0.258,0.156,0.361,0.528,0.256,0.193,0.166,0.206,0.171,0.205,0.156,0.183,0.213,0.216,0.177,0.169,0.203,0.227,0.182,0.245,0.161,0.178,0.199,0.258,0.214,0.169,0.193,0.226
dragonfly90,0.06,0.116,0.123,0.163,0.067,0.07,0.084,0.1,0.113,0.063,0.151,0.111,0.097,0.12,0.102,0.122,0.099,0.088,0.083,0.128,0.163,0.103,0.07,0.096,0.103,0.12,0.505,0.09,0.106,0.189,0.094,0.103,0.14,0.144,0.194,0.082,0.136,0.378,0.115,0.519,0.668,0.337,0.124,0.089,0.185,0,0.074,0.103,0.14,0.094,0.075,0.1,0.333,0.094,0.09,0.082,0.271,0.077,0.081,0.093,0.155,0.163,0.143,0.447,0.638,0.164,0.099,0.164,0.128,0.093,0.071,0.093,0.09,0.274,0.088,0.106,0.07,0.115,0.119,0.236,0.187,0.116,0.143,0.065,0.164,0.124,0.07,0.183,0.13
apoorv74,0.037,0.107,0.116,0.146,0.056,0.034,0.088,0.125,0.097,0.031,0.116,0.109,0.083,0.123,0.084,0.114,0.104,0.097,0.074,0.1,0.146,0.068,0.034,0.094,0.101,0.116,0.478,0.096,0.113,0.212,0.077,0.085,0.141,0.111,0.169,0.069,0.113,0.373,0.096,0.489,0.677,0.343,0.108,0.082,0.167,0.074,0,0.1,0.12,0.08,0.076,0.102,0.34,0.085,0.111,0.077,0.239,0.076,0.111,0.083,0.124,0.146,0.118,0.419,0.634,0.17,0.089,0.135,0.1,0.077,0.073,0.08,0.081,0.244,0.097,0.083,0.034,0.108,0.105,0.2,0.184,0.099,0.112,0.074,0.161,0.115,0.034,0.172,0.115
unmarshal,0.091,0.052,0.056,0.116,0.075,0.091,0.112,0.122,0.081,0.089,0.164,0.072,0.093,0.08,0.092,0.111,0.078,0.116,0.08,0.087,0.116,0.108,0.091,0.053,0.065,0.066,0.52,0.058,0.101,0.192,0.082,0.076,0.092,0.155,0.196,0.072,0.103,0.344,0.103,0.532,0.638,0.305,0.071,0.108,0.199,0.103,0.1,0,0.118,0.06,0.085,0.056,0.362,0.103,0.147,0.07,0.281,0.066,0.112,0.1,0.123,0.116,0.151,0.457,0.64,0.119,0.109,0.175,0.087,0.115,0.065,0.066,0.089,0.28,0.116,0.091,0.091,0.083,0.076,0.253,0.153,0.082,0.147,0.089,0.108,0.066,0.091,0.203,0.07
jmilinovich,0.132,0.135,0.137,0.176,0.114,0.122,0.148,0.187,0.096,0.127,0.123,0.144,0.115,0.147,0.117,0.125,0.132,0.149,0.128,0.111,0.176,0.087,0.122,0.137,0.115,0.137,0.449,0.139,0.134,0.238,0.102,0.125,0.151,0.131,0.154,0.094,0.153,0.335,0.073,0.468,0.661,0.332,0.141,0.12,0.16,0.14,0.12,0.118,0,0.116,0.123,0.144,0.328,0.13,0.15,0.122,0.223,0.129,0.127,0.128,0.112,0.176,0.117,0.396,0.592,0.176,0.131,0.137,0.111,0.099,0.116,0.086,0.102,0.225,0.149,0.112,0.122,0.139,0.136,0.201,0.18,0.097,0.126,0.122,0.174,0.13,0.122,0.142,0.14
raghuveerkancherla,0.071,0.068,0.082,0.112,0.056,0.072,0.081,0.104,0.09,0.069,0.136,0.065,0.062,0.095,0.057,0.101,0.051,0.083,0.044,0.071,0.112,0.092,0.072,0.05,0.066,0.094,0.498,0.051,0.108,0.183,0.09,0.05,0.113,0.141,0.178,0.073,0.109,0.361,0.099,0.509,0.64,0.304,0.073,0.073,0.197,0.094,0.08,0.06,0.116,0,0.053,0.046,0.353,0.065,0.128,0.03,0.258,0.043,0.099,0.062,0.124,0.112,0.127,0.435,0.644,0.124,0.075,0.146,0.071,0.086,0.058,0.075,0.06,0.257,0.083,0.06,0.072,0.097,0.087,0.235,0.141,0.09,0.125,0.075,0.113,0.09,0.072,0.179,0.071
mrafayaleem,0.074,0.104,0.11,0.154,0.049,0.077,0.055,0.091,0.108,0.073,0.119,0.097,0.047,0.121,0.075,0.069,0.078,0.058,0.058,0.107,0.154,0.085,0.077,0.077,0.084,0.114,0.478,0.074,0.087,0.169,0.094,0.077,0.135,0.126,0.159,0.068,0.138,0.357,0.088,0.488,0.646,0.311,0.111,0.042,0.196,0.075,0.076,0.085,0.123,0.053,0,0.08,0.32,0.058,0.083,0.041,0.24,0.063,0.078,0.057,0.144,0.154,0.105,0.412,0.632,0.141,0.045,0.122,0.107,0.069,0.069,0.082,0.043,0.236,0.058,0.048,0.077,0.116,0.117,0.222,0.148,0.11,0.13,0.074,0.149,0.114,0.077,0.154,0.114
dgersting,0.081,0.049,0.071,0.103,0.074,0.091,0.1,0.093,0.106,0.082,0.178,0.048,0.094,0.084,0.079,0.129,0.051,0.099,0.064,0.091,0.103,0.123,0.091,0.04,0.078,0.084,0.541,0.034,0.12,0.179,0.105,0.066,0.106,0.174,0.212,0.098,0.105,0.365,0.131,0.551,0.637,0.304,0.059,0.107,0.223,0.1,0.102,0.056,0.144,0.046,0.08,0,0.379,0.09,0.15,0.058,0.3,0.049,0.117,0.087,0.149,0.103,0.164,0.474,0.667,0.116,0.109,0.187,0.091,0.118,0.064,0.097,0.089,0.297,0.099,0.098,0.091,0.098,0.083,0.27,0.153,0.107,0.15,0.086,0.101,0.085,0.091,0.212,0.061
imanujagarwal,0.357,0.39,0.39,0.437,0.333,0.349,0.322,0.36,0.344,0.354,0.294,0.388,0.318,0.391,0.361,0.292,0.369,0.326,0.351,0.384,0.437,0.33,0.349,0.365,0.347,0.388,0.355,0.372,0.305,0.352,0.327,0.366,0.382,0.311,0.26,0.33,0.39,0.395,0.304,0.388,0.729,0.458,0.4,0.308,0.292,0.333,0.34,0.362,0.328,0.353,0.32,0.379,0,0.338,0.276,0.339,0.275,0.358,0.296,0.338,0.344,0.437,0.273,0.326,0.395,0.39,0.301,0.269,0.384,0.317,0.364,0.325,0.319,0.258,0.326,0.313,0.349,0.385,0.397,0.317,0.356,0.345,0.345,0.35,0.422,0.382,0.349,0.267,0.397
SudShekhar,0.085,0.111,0.122,0.137,0.073,0.088,0.04,0.095,0.13,0.085,0.14,0.089,0.041,0.147,0.044,0.102,0.069,0.047,0.04,0.091,0.137,0.094,0.088,0.088,0.107,0.117,0.495,0.08,0.128,0.207,0.121,0.052,0.152,0.146,0.188,0.092,0.143,0.378,0.114,0.509,0.686,0.35,0.1,0.056,0.211,0.094,0.085,0.103,0.13,0.065,0.058,0.09,0.338,0,0.113,0.058,0.259,0.059,0.104,0.005,0.164,0.137,0.122,0.434,0.648,0.174,0.064,0.141,0.091,0.086,0.078,0.103,0.063,0.258,0.047,0.072,0.088,0.14,0.106,0.242,0.188,0.132,0.122,0.062,0.161,0.127,0.088,0.174,0.108
datasaur,0.116,0.172,0.173,0.223,0.098,0.115,0.095,0.127,0.148,0.116,0.12,0.167,0.098,0.174,0.136,0.092,0.144,0.095,0.117,0.169,0.223,0.113,0.115,0.143,0.141,0.171,0.445,0.143,0.107,0.199,0.124,0.14,0.189,0.127,0.155,0.104,0.19,0.359,0.108,0.458,0.678,0.35,0.181,0.082,0.19,0.09,0.111,0.147,0.15,0.128,0.083,0.15,0.276,0.113,0,0.113,0.218,0.124,0.102,0.113,0.182,0.223,0.107,0.381,0.606,0.2,0.089,0.117,0.169,0.095,0.125,0.123,0.093,0.214,0.095,0.1,0.115,0.166,0.176,0.204,0.196,0.149,0.162,0.115,0.218,0.172,0.115,0.142,0.183
digen,0.07,0.078,0.087,0.123,0.056,0.074,0.066,0.102,0.09,0.068,0.136,0.068,0.058,0.098,0.067,0.096,0.054,0.075,0.047,0.084,0.123,0.095,0.074,0.058,0.061,0.093,0.495,0.055,0.101,0.168,0.093,0.059,0.109,0.144,0.171,0.071,0.115,0.361,0.097,0.508,0.637,0.301,0.083,0.067,0.2,0.082,0.077,0.07,0.122,0.03,0.041,0.058,0.339,0.058,0.113,0,0.257,0.04,0.087,0.055,0.128,0.123,0.126,0.433,0.642,0.123,0.062,0.143,0.084,0.086,0.057,0.071,0.063,0.255,0.075,0.063,0.074,0.104,0.09,0.234,0.139,0.091,0.13,0.068,0.119,0.093,0.074,0.176,0.082
revathskumar,0.263,0.307,0.302,0.335,0.248,0.245,0.26,0.308,0.249,0.258,0.132,0.313,0.235,0.301,0.266,0.211,0.291,0.263,0.265,0.272,0.335,0.21,0.245,0.288,0.267,0.308,0.25,0.296,0.248,0.339,0.241,0.274,0.315,0.164,0.154,0.232,0.304,0.41,0.199,0.259,0.707,0.407,0.314,0.221,0.204,0.271,0.239,0.281,0.223,0.258,0.24,0.3,0.275,0.259,0.218,0.257,0,0.279,0.251,0.257,0.227,0.335,0.161,0.217,0.542,0.318,0.219,0.132,0.272,0.21,0.275,0.239,0.232,0.089,0.263,0.214,0.245,0.276,0.304,0.126,0.274,0.248,0.231,0.269,0.333,0.301,0.245,0.174,0.309
bup,0.063,0.07,0.083,0.108,0.061,0.069,0.068,0.093,0.097,0.063,0.156,0.055,0.065,0.099,0.058,0.116,0.04,0.074,0.033,0.077,0.108,0.102,0.069,0.052,0.074,0.083,0.519,0.041,0.112,0.189,0.096,0.043,0.11,0.158,0.198,0.076,0.105,0.368,0.113,0.533,0.662,0.327,0.069,0.079,0.207,0.077,0.076,0.066,0.129,0.043,0.063,0.049,0.358,0.059,0.124,0.04,0.279,0,0.102,0.057,0.142,0.108,0.144,0.457,0.658,0.14,0.086,0.165,0.077,0.1,0.045,0.081,0.073,0.279,0.074,0.083,0.069,0.108,0.074,0.252,0.168,0.099,0.136,0.056,0.123,0.091,0.069,0.196,0.072
shenwei356,0.11,0.128,0.133,0.175,0.095,0.109,0.099,0.132,0.118,0.109,0.142,0.123,0.095,0.137,0.116,0.108,0.108,0.102,0.106,0.136,0.175,0.118,0.109,0.114,0.095,0.141,0.475,0.106,0.103,0.168,0.106,0.119,0.139,0.152,0.173,0.095,0.157,0.358,0.108,0.492,0.633,0.303,0.142,0.086,0.18,0.081,0.111,0.112,0.127,0.099,0.078,0.117,0.296,0.104,0.102,0.087,0.251,0.102,0,0.104,0.145,0.175,0.133,0.416,0.595,0.147,0.092,0.144,0.136,0.101,0.098,0.095,0.091,0.245,0.102,0.095,0.109,0.136,0.142,0.239,0.152,0.12,0.154,0.1,0.159,0.136,0.109,0.157,0.137
rcdosado,0.083,0.109,0.119,0.135,0.07,0.085,0.042,0.096,0.126,0.082,0.137,0.088,0.039,0.144,0.042,0.1,0.068,0.05,0.037,0.087,0.135,0.091,0.085,0.085,0.105,0.114,0.494,0.079,0.127,0.207,0.118,0.049,0.15,0.143,0.186,0.088,0.141,0.377,0.11,0.508,0.684,0.349,0.097,0.055,0.209,0.093,0.083,0.1,0.128,0.062,0.057,0.087,0.338,0.005,0.113,0.055,0.257,0.057,0.104,0,0.16,0.135,0.12,0.432,0.647,0.172,0.063,0.139,0.087,0.084,0.075,0.1,0.061,0.256,0.05,0.069,0.085,0.136,0.103,0.239,0.186,0.128,0.119,0.061,0.159,0.125,0.085,0.174,0.105
ameenkhan07,0.137,0.13,0.13,0.162,0.133,0.123,0.173,0.214,0.07,0.129,0.136,0.151,0.149,0.116,0.153,0.155,0.151,0.186,0.149,0.12,0.162,0.123,0.123,0.138,0.099,0.143,0.448,0.15,0.143,0.224,0.1,0.146,0.123,0.145,0.16,0.11,0.121,0.352,0.107,0.466,0.614,0.29,0.146,0.152,0.139,0.155,0.124,0.123,0.112,0.124,0.144,0.149,0.344,0.164,0.182,0.128,0.227,0.142,0.145,0.16,0,0.162,0.153,0.401,0.594,0.15,0.147,0.158,0.12,0.138,0.133,0.085,0.145,0.235,0.186,0.131,0.123,0.119,0.137,0.196,0.147,0.069,0.15,0.151,0.143,0.12,0.123,0.195,0.135
rahul,0.136,0.09,0.091,0,0.15,0.137,0.159,0.174,0.141,0.135,0.218,0.083,0.15,0.123,0.115,0.195,0.102,0.166,0.121,0.085,0,0.164,0.137,0.116,0.123,0.103,0.574,0.098,0.191,0.244,0.163,0.101,0.122,0.217,0.267,0.146,0.118,0.422,0.183,0.586,0.661,0.337,0.075,0.166,0.258,0.163,0.146,0.116,0.176,0.112,0.154,0.103,0.437,0.137,0.223,0.123,0.335,0.108,0.175,0.135,0.162,0,0.221,0.517,0.704,0.158,0.169,0.235,0.085,0.175,0.109,0.142,0.161,0.342,0.166,0.161,0.137,0.127,0.071,0.303,0.201,0.142,0.173,0.126,0.095,0.117,0.137,0.268,0.069
routeaccess,0.136,0.178,0.181,0.221,0.108,0.124,0.127,0.165,0.145,0.132,0.071,0.18,0.099,0.189,0.131,0.086,0.157,0.123,0.129,0.158,0.221,0.087,0.124,0.155,0.154,0.18,0.394,0.16,0.13,0.236,0.122,0.142,0.205,0.083,0.105,0.115,0.19,0.346,0.085,0.406,0.682,0.353,0.181,0.092,0.156,0.143,0.118,0.151,0.117,0.127,0.105,0.164,0.273,0.122,0.107,0.126,0.161,0.144,0.133,0.12,0.153,0.221,0,0.335,0.576,0.211,0.093,0.063,0.158,0.074,0.148,0.121,0.087,0.161,0.123,0.087,0.124,0.166,0.182,0.157,0.194,0.146,0.115,0.134,0.224,0.182,0.124,0.097,0.183
jptiancai,0.443,0.48,0.478,0.517,0.421,0.428,0.432,0.475,0.424,0.439,0.32,0.487,0.406,0.474,0.444,0.376,0.468,0.434,0.443,0.454,0.517,0.391,0.428,0.463,0.441,0.485,0.177,0.472,0.41,0.475,0.413,0.453,0.485,0.349,0.296,0.413,0.476,0.468,0.374,0.176,0.763,0.517,0.49,0.397,0.361,0.447,0.419,0.457,0.396,0.435,0.412,0.474,0.326,0.434,0.381,0.433,0.217,0.457,0.416,0.432,0.401,0.517,0.335,0,0.515,0.474,0.393,0.295,0.454,0.387,0.455,0.417,0.404,0.179,0.434,0.385,0.428,0.46,0.487,0.28,0.419,0.423,0.407,0.452,0.504,0.474,0.428,0.31,0.482
svakeeswaran,0.651,0.664,0.666,0.704,0.63,0.639,0.645,0.673,0.613,0.647,0.585,0.674,0.627,0.662,0.653,0.604,0.665,0.647,0.652,0.659,0.704,0.616,0.639,0.654,0.632,0.671,0.506,0.666,0.612,0.659,0.605,0.658,0.657,0.591,0.549,0.625,0.66,0.577,0.592,0.541,0.864,0.68,0.677,0.624,0.528,0.638,0.634,0.64,0.592,0.644,0.632,0.667,0.395,0.648,0.606,0.642,0.542,0.658,0.595,0.647,0.594,0.704,0.576,0.515,0,0.659,0.62,0.573,0.659,0.613,0.657,0.608,0.622,0.528,0.647,0.613,0.639,0.653,0.676,0.566,0.625,0.612,0.611,0.651,0.685,0.658,0.639,0.558,0.67
seowyanyi,0.158,0.107,0.107,0.158,0.148,0.164,0.179,0.187,0.126,0.156,0.214,0.121,0.169,0.09,0.17,0.17,0.134,0.185,0.161,0.157,0.158,0.183,0.164,0.125,0.095,0.131,0.541,0.122,0.144,0.127,0.149,0.161,0.09,0.222,0.21,0.148,0.149,0.351,0.164,0.551,0.529,0.198,0.136,0.172,0.256,0.164,0.17,0.119,0.176,0.124,0.141,0.116,0.39,0.174,0.2,0.123,0.318,0.14,0.147,0.172,0.15,0.158,0.211,0.474,0.659,0,0.163,0.221,0.157,0.174,0.134,0.134,0.158,0.308,0.185,0.156,0.164,0.129,0.147,0.292,0.078,0.125,0.213,0.168,0.077,0.112,0.164,0.229,0.122
SmitBawkar,0.098,0.128,0.134,0.169,0.074,0.094,0.058,0.116,0.122,0.095,0.109,0.119,0.05,0.146,0.091,0.072,0.099,0.069,0.074,0.117,0.169,0.095,0.094,0.097,0.1,0.134,0.453,0.103,0.103,0.183,0.111,0.091,0.151,0.125,0.145,0.082,0.154,0.361,0.09,0.466,0.655,0.321,0.132,0.041,0.193,0.099,0.089,0.109,0.131,0.075,0.045,0.109,0.301,0.064,0.089,0.062,0.219,0.086,0.092,0.063,0.147,0.169,0.093,0.393,0.62,0.163,0,0.105,0.117,0.081,0.098,0.094,0.062,0.218,0.069,0.048,0.094,0.141,0.133,0.215,0.158,0.123,0.136,0.093,0.168,0.133,0.094,0.151,0.132
pratik98,0.157,0.198,0.199,0.235,0.134,0.143,0.143,0.193,0.158,0.153,0.053,0.199,0.115,0.205,0.152,0.103,0.178,0.145,0.15,0.171,0.235,0.109,0.143,0.177,0.165,0.204,0.366,0.183,0.149,0.244,0.144,0.162,0.218,0.097,0.1,0.131,0.207,0.356,0.102,0.377,0.676,0.351,0.204,0.106,0.166,0.164,0.135,0.175,0.137,0.146,0.122,0.187,0.269,0.141,0.117,0.143,0.132,0.165,0.144,0.139,0.158,0.235,0.063,0.295,0.573,0.221,0.105,0,0.171,0.102,0.166,0.141,0.115,0.118,0.145,0.097,0.143,0.188,0.202,0.141,0.192,0.159,0.142,0.16,0.235,0.199,0.143,0.101,0.2
dremelofdeath,0.1,0.084,0.088,0.085,0.104,0.096,0.115,0.154,0.099,0.097,0.153,0.079,0.094,0.115,0.067,0.139,0.079,0.124,0.076,0,0.085,0.102,0.096,0.088,0.087,0.093,0.51,0.089,0.15,0.232,0.118,0.056,0.117,0.158,0.209,0.089,0.111,0.382,0.117,0.524,0.668,0.335,0.071,0.111,0.206,0.128,0.1,0.087,0.111,0.071,0.107,0.091,0.384,0.091,0.169,0.084,0.272,0.077,0.136,0.087,0.12,0.085,0.158,0.454,0.659,0.157,0.117,0.171,0,0.119,0.075,0.093,0.106,0.277,0.124,0.103,0.096,0.112,0.066,0.245,0.178,0.1,0.132,0.092,0.116,0.09,0.096,0.211,0.072
nishant57,0.082,0.133,0.14,0.175,0.063,0.076,0.1,0.127,0.115,0.08,0.089,0.133,0.078,0.144,0.085,0.092,0.112,0.093,0.088,0.119,0.175,0.048,0.076,0.115,0.118,0.14,0.448,0.114,0.121,0.213,0.099,0.103,0.17,0.088,0.139,0.085,0.159,0.365,0.077,0.46,0.668,0.335,0.134,0.071,0.171,0.093,0.077,0.115,0.099,0.086,0.069,0.118,0.317,0.086,0.095,0.086,0.21,0.1,0.101,0.084,0.138,0.175,0.074,0.387,0.613,0.174,0.081,0.102,0.119,0,0.095,0.094,0.057,0.212,0.093,0.074,0.076,0.119,0.135,0.177,0.174,0.116,0.085,0.082,0.18,0.145,0.076,0.117,0.14
umangmathur92,0.062,0.068,0.069,0.109,0.068,0.068,0.089,0.112,0.089,0.061,0.15,0.064,0.081,0.09,0.07,0.115,0.06,0.093,0.061,0.075,0.109,0.09,0.068,0.068,0.067,0.072,0.516,0.049,0.109,0.192,0.091,0.062,0.102,0.149,0.197,0.059,0.109,0.371,0.102,0.529,0.655,0.321,0.074,0.087,0.205,0.071,0.073,0.065,0.116,0.058,0.069,0.064,0.364,0.078,0.125,0.057,0.275,0.045,0.098,0.075,0.133,0.109,0.148,0.455,0.657,0.134,0.098,0.166,0.075,0.095,0,0.074,0.08,0.278,0.093,0.092,0.068,0.089,0.065,0.243,0.166,0.091,0.136,0.055,0.117,0.08,0.068,0.191,0.078
jsinix,0.087,0.088,0.089,0.142,0.073,0.08,0.11,0.148,0.046,0.081,0.126,0.102,0.089,0.093,0.101,0.101,0.097,0.121,0.09,0.093,0.142,0.082,0.08,0.086,0.06,0.089,0.473,0.091,0.09,0.193,0.06,0.094,0.099,0.125,0.155,0.052,0.106,0.339,0.066,0.49,0.64,0.307,0.104,0.096,0.156,0.093,0.08,0.066,0.086,0.075,0.082,0.097,0.325,0.103,0.123,0.071,0.239,0.081,0.095,0.1,0.085,0.142,0.121,0.417,0.608,0.134,0.094,0.141,0.093,0.094,0.074,0,0.086,0.242,0.121,0.084,0.08,0.092,0.095,0.21,0.15,0.048,0.126,0.085,0.132,0.083,0.08,0.171,0.101
madratman,0.083,0.11,0.12,0.161,0.05,0.082,0.07,0.1,0.113,0.082,0.114,0.107,0.044,0.133,0.068,0.07,0.082,0.062,0.062,0.106,0.161,0.075,0.082,0.084,0.099,0.123,0.47,0.085,0.092,0.194,0.086,0.078,0.149,0.12,0.156,0.07,0.139,0.345,0.078,0.48,0.663,0.328,0.113,0.045,0.183,0.09,0.081,0.089,0.102,0.06,0.043,0.089,0.319,0.063,0.093,0.063,0.232,0.073,0.091,0.061,0.145,0.161,0.087,0.404,0.622,0.158,0.062,0.115,0.106,0.057,0.08,0.086,0,0.227,0.062,0.047,0.082,0.127,0.124,0.218,0.164,0.114,0.12,0.08,0.164,0.122,0.082,0.136,0.118
rahimnathwani,0.268,0.304,0.303,0.342,0.245,0.253,0.258,0.304,0.251,0.263,0.146,0.31,0.229,0.302,0.267,0.204,0.29,0.26,0.266,0.277,0.342,0.216,0.253,0.286,0.266,0.309,0.268,0.295,0.242,0.322,0.24,0.275,0.313,0.182,0.136,0.237,0.304,0.369,0.199,0.278,0.691,0.393,0.313,0.221,0.213,0.274,0.244,0.28,0.225,0.257,0.236,0.297,0.258,0.258,0.214,0.255,0.089,0.279,0.245,0.256,0.235,0.342,0.161,0.179,0.528,0.308,0.218,0.118,0.277,0.212,0.278,0.242,0.227,0,0.26,0.208,0.253,0.288,0.311,0.147,0.261,0.251,0.239,0.276,0.332,0.3,0.253,0.155,0.306
aminator,0.092,0.131,0.142,0.166,0.077,0.097,0.037,0.067,0.149,0.094,0.148,0.111,0.055,0.159,0.072,0.101,0.084,0,0.057,0.124,0.166,0.111,0.097,0.098,0.124,0.139,0.497,0.091,0.12,0.199,0.125,0.081,0.17,0.153,0.195,0.103,0.159,0.377,0.125,0.508,0.689,0.355,0.125,0.053,0.216,0.088,0.097,0.116,0.149,0.083,0.058,0.099,0.326,0.047,0.095,0.075,0.263,0.074,0.102,0.05,0.186,0.166,0.123,0.434,0.647,0.185,0.069,0.145,0.124,0.093,0.093,0.121,0.062,0.26,0,0.08,0.097,0.155,0.135,0.252,0.196,0.151,0.144,0.078,0.182,0.146,0.097,0.174,0.133
vjex,0.093,0.114,0.121,0.161,0.063,0.086,0.077,0.119,0.108,0.089,0.099,0.114,0.043,0.136,0.081,0.064,0.098,0.08,0.07,0.103,0.161,0.08,0.086,0.088,0.094,0.129,0.452,0.098,0.097,0.196,0.09,0.081,0.148,0.11,0.143,0.071,0.14,0.346,0.077,0.462,0.654,0.319,0.12,0.048,0.177,0.106,0.083,0.091,0.112,0.06,0.048,0.098,0.313,0.072,0.1,0.063,0.214,0.083,0.095,0.069,0.131,0.161,0.087,0.385,0.613,0.156,0.048,0.097,0.103,0.074,0.092,0.084,0.047,0.208,0.08,0,0.086,0.128,0.129,0.205,0.152,0.108,0.128,0.097,0.16,0.122,0.086,0.145,0.118
pareekrachit,0.029,0.101,0.112,0.137,0.053,0,0.095,0.119,0.092,0.025,0.122,0.104,0.086,0.111,0.08,0.122,0.095,0.097,0.067,0.096,0.137,0.072,0,0.086,0.097,0.114,0.486,0.088,0.121,0.214,0.079,0.08,0.14,0.116,0.178,0.072,0.114,0.377,0.1,0.498,0.674,0.34,0.102,0.086,0.169,0.07,0.034,0.091,0.122,0.072,0.077,0.091,0.349,0.088,0.115,0.074,0.245,0.069,0.109,0.085,0.123,0.137,0.124,0.428,0.639,0.164,0.094,0.143,0.096,0.076,0.068,0.08,0.082,0.253,0.097,0.086,0,0.097,0.098,0.204,0.18,0.094,0.108,0.068,0.153,0.116,0,0.178,0.107
liveashish,0.096,0.095,0.081,0.127,0.104,0.097,0.152,0.154,0.096,0.094,0.161,0.116,0.137,0.082,0.124,0.141,0.119,0.155,0.118,0.112,0.127,0.109,0.097,0.106,0.1,0.093,0.515,0.099,0.136,0.212,0.109,0.117,0.119,0.14,0.201,0.098,0.128,0.387,0.124,0.525,0.628,0.3,0.108,0.14,0.203,0.115,0.108,0.083,0.139,0.097,0.116,0.098,0.385,0.14,0.166,0.104,0.276,0.108,0.136,0.136,0.119,0.127,0.166,0.46,0.653,0.129,0.141,0.188,0.112,0.119,0.089,0.092,0.127,0.288,0.155,0.128,0.097,0,0.097,0.228,0.161,0.096,0.135,0.104,0.118,0.104,0.097,0.213,0.112
abhi92,0.098,0.067,0.064,0.071,0.107,0.098,0.125,0.149,0.102,0.096,0.184,0.065,0.115,0.097,0.091,0.154,0.082,0.135,0.089,0.066,0.071,0.12,0.098,0.086,0.089,0.055,0.544,0.072,0.15,0.225,0.122,0.072,0.098,0.178,0.226,0.097,0.105,0.386,0.134,0.559,0.665,0.335,0.054,0.131,0.227,0.119,0.105,0.076,0.136,0.087,0.117,0.083,0.397,0.106,0.176,0.09,0.304,0.074,0.142,0.103,0.137,0.071,0.182,0.487,0.676,0.147,0.133,0.202,0.066,0.135,0.065,0.095,0.124,0.311,0.135,0.129,0.098,0.097,0,0.266,0.188,0.103,0.144,0.083,0.107,0.082,0.098,0.231,0.061
Niharika29,0.22,0.273,0.269,0.303,0.214,0.204,0.249,0.285,0.211,0.216,0.125,0.284,0.223,0.262,0.241,0.21,0.27,0.252,0.24,0.245,0.303,0.17,0.204,0.262,0.246,0.271,0.33,0.27,0.24,0.333,0.212,0.249,0.289,0.124,0.142,0.21,0.273,0.406,0.18,0.343,0.71,0.403,0.278,0.217,0.182,0.236,0.2,0.253,0.201,0.235,0.222,0.27,0.317,0.242,0.204,0.234,0.126,0.252,0.239,0.239,0.196,0.303,0.157,0.28,0.566,0.292,0.215,0.141,0.245,0.177,0.243,0.21,0.218,0.147,0.252,0.205,0.204,0.228,0.266,0,0.266,0.21,0.177,0.234,0.305,0.272,0.204,0.173,0.277
govg,0.18,0.153,0.156,0.201,0.164,0.18,0.19,0.211,0.143,0.176,0.189,0.163,0.175,0.136,0.188,0.166,0.164,0.196,0.18,0.178,0.201,0.188,0.18,0.155,0.119,0.18,0.485,0.161,0.153,0.128,0.164,0.183,0.138,0.211,0.175,0.163,0.183,0.347,0.161,0.493,0.505,0.17,0.178,0.172,0.245,0.187,0.184,0.153,0.18,0.141,0.148,0.153,0.356,0.188,0.196,0.139,0.274,0.168,0.152,0.186,0.147,0.201,0.194,0.419,0.625,0.078,0.158,0.192,0.178,0.174,0.166,0.15,0.164,0.261,0.196,0.152,0.18,0.161,0.188,0.266,0,0.142,0.219,0.195,0.128,0.152,0.18,0.206,0.163
aryak93,0.102,0.09,0.094,0.142,0.095,0.094,0.14,0.172,0.004,0.096,0.141,0.111,0.118,0.08,0.122,0.133,0.113,0.151,0.113,0.1,0.142,0.105,0.094,0.098,0.064,0.103,0.479,0.108,0.115,0.198,0.074,0.113,0.091,0.143,0.163,0.079,0.104,0.338,0.089,0.497,0.623,0.293,0.112,0.126,0.161,0.116,0.099,0.082,0.097,0.09,0.11,0.107,0.345,0.132,0.149,0.091,0.248,0.099,0.12,0.128,0.069,0.142,0.146,0.423,0.612,0.125,0.123,0.159,0.1,0.116,0.091,0.048,0.114,0.251,0.151,0.108,0.094,0.096,0.103,0.21,0.142,0,0.141,0.113,0.121,0.088,0.094,0.187,0.102
prakashn27,0.117,0.158,0.166,0.173,0.114,0.108,0.146,0.167,0.141,0.116,0.125,0.159,0.125,0.175,0.109,0.15,0.145,0.144,0.122,0.132,0.173,0.083,0.108,0.151,0.161,0.16,0.462,0.148,0.181,0.27,0.14,0.126,0.201,0.108,0.174,0.135,0.177,0.395,0.126,0.477,0.704,0.375,0.147,0.132,0.178,0.143,0.112,0.147,0.126,0.125,0.13,0.15,0.345,0.122,0.162,0.13,0.231,0.136,0.154,0.119,0.15,0.173,0.115,0.407,0.611,0.213,0.136,0.142,0.132,0.085,0.136,0.126,0.12,0.239,0.144,0.128,0.108,0.135,0.144,0.177,0.219,0.141,0,0.109,0.203,0.178,0.108,0.161,0.156
shyam057cs,0.064,0.101,0.104,0.126,0.069,0.068,0.077,0.101,0.111,0.066,0.146,0.091,0.075,0.123,0.062,0.118,0.073,0.078,0.055,0.092,0.126,0.083,0.068,0.09,0.102,0.093,0.508,0.07,0.126,0.214,0.107,0.067,0.139,0.138,0.197,0.08,0.132,0.388,0.11,0.524,0.687,0.353,0.095,0.083,0.199,0.065,0.074,0.089,0.122,0.075,0.074,0.086,0.35,0.062,0.115,0.068,0.269,0.056,0.1,0.061,0.151,0.126,0.134,0.452,0.651,0.168,0.093,0.16,0.092,0.082,0.055,0.085,0.08,0.276,0.078,0.097,0.068,0.104,0.083,0.234,0.195,0.113,0.109,0,0.153,0.119,0.068,0.184,0.105
vivekaxl,0.147,0.08,0.082,0.095,0.151,0.153,0.173,0.187,0.122,0.145,0.219,0.09,0.164,0.084,0.147,0.187,0.114,0.182,0.145,0.116,0.095,0.178,0.153,0.111,0.091,0.109,0.564,0.106,0.167,0.178,0.154,0.134,0.072,0.225,0.243,0.144,0.122,0.386,0.174,0.575,0.572,0.247,0.1,0.173,0.258,0.164,0.161,0.108,0.174,0.113,0.149,0.101,0.422,0.161,0.218,0.119,0.333,0.123,0.159,0.159,0.143,0.095,0.224,0.504,0.685,0.077,0.168,0.235,0.116,0.18,0.117,0.132,0.164,0.332,0.182,0.16,0.153,0.118,0.107,0.305,0.128,0.121,0.203,0.153,0,0.091,0.153,0.258,0.084
nkcsgexi,0.111,0.057,0.059,0.117,0.107,0.116,0.133,0.159,0.088,0.107,0.186,0.076,0.124,0.075,0.118,0.138,0.098,0.146,0.111,0.09,0.117,0.131,0.116,0.076,0.062,0.067,0.534,0.086,0.114,0.187,0.097,0.101,0.061,0.183,0.211,0.087,0.087,0.347,0.121,0.548,0.621,0.291,0.076,0.135,0.214,0.124,0.115,0.066,0.13,0.09,0.114,0.085,0.382,0.127,0.172,0.093,0.301,0.091,0.136,0.125,0.12,0.117,0.182,0.474,0.658,0.112,0.133,0.199,0.09,0.145,0.08,0.083,0.122,0.3,0.146,0.122,0.116,0.104,0.082,0.272,0.152,0.088,0.178,0.119,0.091,0,0.116,0.225,0.076
milangupta511,0.029,0.101,0.112,0.137,0.053,0,0.095,0.119,0.092,0.025,0.122,0.104,0.086,0.111,0.08,0.122,0.095,0.097,0.067,0.096,0.137,0.072,0,0.086,0.097,0.114,0.486,0.088,0.121,0.214,0.079,0.08,0.14,0.116,0.178,0.072,0.114,0.377,0.1,0.498,0.674,0.34,0.102,0.086,0.169,0.07,0.034,0.091,0.122,0.072,0.077,0.091,0.349,0.088,0.115,0.074,0.245,0.069,0.109,0.085,0.123,0.137,0.124,0.428,0.639,0.164,0.094,0.143,0.096,0.076,0.068,0.08,0.082,0.253,0.097,0.086,0,0.097,0.098,0.204,0.18,0.094,0.108,0.068,0.153,0.116,0,0.178,0.107
Harishwar,0.187,0.221,0.225,0.268,0.159,0.178,0.181,0.213,0.187,0.183,0.12,0.222,0.156,0.225,0.181,0.14,0.201,0.174,0.188,0.211,0.268,0.141,0.178,0.206,0.194,0.228,0.383,0.205,0.168,0.246,0.167,0.2,0.241,0.144,0.112,0.167,0.236,0.346,0.132,0.393,0.665,0.348,0.228,0.145,0.193,0.183,0.172,0.203,0.142,0.179,0.154,0.212,0.267,0.174,0.142,0.176,0.174,0.196,0.157,0.174,0.195,0.268,0.097,0.31,0.558,0.229,0.151,0.101,0.211,0.117,0.191,0.171,0.136,0.155,0.174,0.145,0.178,0.213,0.231,0.173,0.206,0.187,0.161,0.184,0.258,0.225,0.178,0,0.226
timm,0.105,0.038,0.063,0.069,0.103,0.107,0.126,0.144,0.101,0.103,0.19,0.039,0.113,0.091,0.09,0.155,0.073,0.133,0.089,0.072,0.069,0.134,0.107,0.07,0.08,0.079,0.547,0.062,0.145,0.204,0.115,0.072,0.092,0.191,0.223,0.11,0.09,0.367,0.141,0.56,0.64,0.31,0.035,0.132,0.226,0.13,0.115,0.07,0.14,0.071,0.114,0.061,0.397,0.108,0.183,0.082,0.309,0.072,0.137,0.105,0.135,0.069,0.183,0.482,0.67,0.122,0.132,0.2,0.072,0.14,0.078,0.101,0.118,0.306,0.133,0.118,0.107,0.112,0.061,0.277,0.163,0.102,0.156,0.105,0.084,0.076,0.107,0.226,0
