row.names,Index,Slice,Sub,For,UnaryOp,Exec,Invert,DictComp,Param,Pass,BitXor,Add,Call,comprehension,IsNot,Print,Ellipsis,Subscript,BitOr,TryExcept,Store,Raise,Break,Return,GtE,Assert,Tuple,Repr,Or,ExceptHandler,BitAnd,FloorDiv,USub,TryFinally,GeneratorExp,Not,UAdd,Delete,With,Mult,arguments,Set,NotIn,RShift,Name,BinOp,Expr,SetComp,AugAssign,List,ClassDef,Yield,Pow,While,Continue,Del,Str,Div,Assign,FunctionDef,Lambda,And,ExtSlice,Compare,Gt,Mod,keyword,NotEq,Attribute,Is,Global,Lt,Module,BoolOp,Num,LtE,In,Dict,IfExp,Eq,ListComp,LShift,If
arunshivaram,0.0050761421,0,0,0.0050761421,0.0101522843,0,0,0,0.0101522843,0,0,0.0253807107,0.0964467005,0,0,0,0,0.0050761421,0,0.0050761421,0.0964467005,0,0,0.0050761421,0,0,0,0,0,0.0050761421,0,0,0.0050761421,0,0,0.0050761421,0,0,0.0101522843,0.0050761421,0.0101522843,0,0,0,0.3147208122,0.0253807107,0.0152284264,0,0.0050761421,0.0050761421,0,0,0,0,0,0,0.076142132,0,0.076142132,0.0101522843,0,0,0,0.0050761421,0,0,0,0,0.1065989848,0,0,0,0.0050761421,0,0.0304568528,0,0,0.0050761421,0,0.0050761421,0,0,0.0101522843
Wei,0.0197506003,0.0021686934,0.0091394935,0.0082875068,0.0017814267,0,0,0,0.0291224537,0.0000775,0,0.0136317868,0.0691658276,0.0047246534,0,0.0057315467,0,0.0219192936,0,0.0003098133,0.0783827744,0,0.00092944,0.0141739602,0.00069708,0,0.0078227868,0,0.0003098133,0.0003098133,0,0.0001549067,0.0010068933,0,0,0.0007745333,0,0,0,0.0079002401,0.0197506003,0,0.0000775,0,0.3115947642,0.0395786539,0.0165750136,0,0.0040275734,0.0113081868,0.0017814267,0.00023236,0.0058864534,0.0007745333,0.0001549067,0,0.0218418403,0.0045697467,0.0508093873,0.0185113469,0.0012392533,0.0008519867,0,0.0092944001,0.00139416,0.0023236,0.0108434668,0,0.0763689877,0,0,0.0034854,0.0013167067,0.0011618,0.0644411742,0.0007745333,0.0001549067,0.0014716134,0.0010068933,0.0027108667,0.0047246534,0,0.0106885601
xiangshuai,0.039287945,0.0126795753,0.0054965646,0.0047470331,0.0030605871,0,0,0,0.0215490319,0.0001873829,0,0.0118675828,0.0788881949,0.0026858214,0.0000625,0.0019362898,0,0.044222361,0.0001249219,0.0000625,0.0745783885,0.0004996877,0,0.0063710181,0.0001249219,0.0000625,0.0195502811,0,0,0.0000625,0.0000625,0.0003747658,0.0029981262,0,0.0000625,0.0000625,0,0,0.0006246096,0.0076826983,0.0091193004,0,0.0000625,0,0.3206745784,0.0317301686,0.0268582136,0,0.0018738289,0.0087445347,0.0008744535,0.0000625,0.0014366021,0.0001873829,0,0,0.0292941911,0.0053716427,0.0512804497,0.0090568395,0.0000625,0,0.006620862,0.004871955,0.0012492192,0.0011867583,0.0071830106,0.0011867583,0.0599000625,0.0001873829,0,0.0008744535,0.0029356652,0,0.0683947533,0,0,0.0004996877,0,0.0011242973,0.0026233604,0,0.0044971893
Research,0.0152411441,0.0024589974,0.0053355603,0.0077249635,0.0019486394,0,0,0.0001159904,0.0335908321,0.0002087828,0,0.0126429582,0.0597582759,0.0051267776,0.0000928,0.0021110261,0,0.017560953,0,0.0002087828,0.0724476303,0,0.0000464,0.0131765143,0.0003247732,0.0000696,0.0148699747,0,0.0004639618,0.0002087828,0,0.0001623866,0.0001159904,0,0.0006031503,0.001832649,0,0.0000696,0,0.0047556081,0.0193240077,0,0,0,0.3950402487,0.0257962744,0.0180249147,0,0.0046164196,0.0125501659,0.0012526968,0.0011599044,0.0029925534,0.0004871599,0.0001391885,0.0000696,0.0192776115,0.0035725056,0.037766488,0.0166098313,0.0027141764,0.0006727446,0.0001391885,0.0078409539,0.0019022433,0.0009511216,0.0140580416,0.0000464,0.0572064862,0.0003247732,0.0001391885,0.0019022433,0.0011367063,0.0011367063,0.0587143619,0.0005799522,0.0004407637,0.0014614796,0.0015542719,0.002366205,0.0044076368,0,0.0083513119
theGreatHeisenberg,0.0114591291,0,0.0007639419,0.0091673033,0.0030557678,0,0,0,0.025592055,0.0007639419,0,0.0160427807,0.0836516425,0.0007639419,0,0.0053475936,0,0.0114591291,0.0011459129,0.0007639419,0.0874713522,0.0007639419,0.0011459129,0.0072574484,0.000381971,0.000381971,0.0080213904,0,0,0.0007639419,0,0,0.000381971,0,0,0.0026737968,0,0,0,0.0026737968,0.013368984,0,0.0007639419,0,0.281894576,0.0236822002,0.0244461421,0,0.0019098549,0.0080213904,0.0022918258,0.000381971,0,0.0007639419,0,0,0.0794499618,0.0007639419,0.0699006875,0.013368984,0,0,0,0.0095492743,0.000381971,0.0042016807,0.0118411001,0.000381971,0.1115355233,0,0,0.0007639419,0.0030557678,0,0.0290297937,0.0007639419,0.000381971,0.0068754775,0,0.0057295646,0.0007639419,0,0.0118411001
manojmj92,0.0040650407,0,0,0.012195122,0.0081300813,0,0,0,0.0081300813,0,0,0.0243902439,0.087398374,0,0,0.006097561,0,0.0040650407,0,0.0081300813,0.1016260163,0,0,0.0081300813,0,0,0.006097561,0,0,0.0081300813,0,0,0.0040650407,0,0,0.0040650407,0,0,0.0081300813,0.0040650407,0.0081300813,0,0,0,0.3150406504,0.0243902439,0.0142276423,0,0.0040650407,0.0040650407,0,0,0,0,0,0,0.0914634146,0,0.0650406504,0.0081300813,0,0,0,0.0081300813,0,0,0,0,0.0955284553,0,0,0,0.0040650407,0,0.0243902439,0,0,0.0040650407,0,0.0081300813,0,0,0.0142276423
rmad17,0.0086726444,0.0011759518,0.0008819638,0.0038218433,0.0023519036,0,0,0,0.0376304572,0.0002939879,0,0.0119065118,0.1137733353,0.0002939879,0.0005879759,0.0016169337,0,0.0098485962,0.000146994,0.0013229458,0.0514478906,0.0005879759,0.000146994,0.0064677348,0.0004409819,0.000146994,0.0049977951,0,0.0011759518,0.0013229458,0,0,0,0,0.000146994,0.0023519036,0,0,0.0002939879,0.0002939879,0.0202851683,0,0.0002939879,0,0.3057474644,0.0135234455,0.0521828605,0,0.0051447891,0.0033808614,0.0011759518,0,0,0.0002939879,0.000146994,0,0.0840805527,0.0019109217,0.038512421,0.0191092165,0.0011759518,0.0017639277,0,0.0069087167,0.0002939879,0.0035278554,0.0032338674,0.0008819638,0.1339115096,0.0002939879,0.000146994,0,0.0016169337,0.0029398795,0.0142584154,0.0005879759,0.0007349699,0.0048508011,0.000146994,0.0027928855,0.000146994,0,0.0098485962
rakeshsukla53,0.0181086519,0,0.0010060362,0.0020120724,0.0030181087,0,0,0,0.0171026157,0.0010060362,0,0.0010060362,0.0855130785,0,0.0030181087,0.0010060362,0,0.0181086519,0,0.0010060362,0.0724346076,0.0010060362,0,0.0050301811,0.0020120724,0.0010060362,0.0080482897,0,0.0010060362,0.0010060362,0,0,0,0,0,0.0030181087,0,0,0.0010060362,0,0.0120724346,0,0.0010060362,0,0.3068410463,0.0070422535,0.0422535211,0,0.0010060362,0.0010060362,0.0030181087,0,0,0,0,0,0.0442655936,0,0.0663983903,0.0120724346,0,0,0,0.0110663984,0,0.0060362173,0.0050301811,0.0010060362,0.1861167002,0.0010060362,0.0020120724,0,0.0030181087,0.0010060362,0.0181086519,0,0,0.0050301811,0,0.0030181087,0,0,0.0130784708
Mike-Xie,0.0081936685,0.0018621974,0.0059590317,0.0037243948,0.0003724395,0,0,0,0.0096834264,0,0,0.0100558659,0.0770949721,0.0033519553,0,0.0204841713,0,0.0100558659,0,0.0014897579,0.0823091248,0.0003724395,0.0014897579,0.0040968343,0.0018621974,0,0.0130353818,0,0.000744879,0.0014897579,0,0,0.0003724395,0,0.0003724395,0,0,0,0,0.0078212291,0.0078212291,0,0.0003724395,0,0.2849162011,0.0432029795,0.0223463687,0,0.0059590317,0.0033519553,0.000744879,0,0.0014897579,0.0048417132,0,0,0.077839851,0.0067039106,0.0610800745,0.0078212291,0,0.0003724395,0,0.0253258845,0.0018621974,0.017132216,0.0011173184,0.0003724395,0.0379888268,0,0,0.0011173184,0.0096834264,0.0011173184,0.060707635,0,0.0014897579,0.0026070764,0.0014897579,0.0182495345,0.0029795158,0,0.0216014898
Hexkbr,0.0052910053,0,0,0.0052910053,0.0105820106,0,0,0,0.0105820106,0,0,0.0264550265,0.0952380952,0,0,0,0,0.0052910053,0,0.0052910053,0.0952380952,0,0,0.0052910053,0,0,0,0,0,0.0052910053,0,0,0.0052910053,0,0,0.0052910053,0,0,0.0105820106,0.0052910053,0.0105820106,0,0,0,0.3121693122,0.0264550265,0.0158730159,0,0.0052910053,0.0052910053,0,0,0,0,0,0,0.0793650794,0,0.0740740741,0.0105820106,0,0,0,0.0052910053,0,0,0,0,0.1005291005,0,0,0,0.0052910053,0,0.0317460317,0,0,0.0052910053,0,0.0052910053,0,0,0.0105820106
rameshkopparapu,0.016629624,0.0010108083,0.0004323337,0.0025391993,0.0019059218,0.00000609,0.0000304,0,0.015186482,0.0002192114,0.0000731,0.0061683666,0.0789952809,0.0015405693,0.0017293348,0.0001217841,0,0.0176404323,0.000146141,0.0009986299,0.0688263054,0.0018693865,0.0003409956,0.0085188004,0.0002009438,0.0005054042,0.0051332014,0,0.0007550617,0.0010534328,0.0002618359,0.0001826762,0.000146141,0.0000548,0.0003957984,0.0017293348,0,0.0000609,0.0002983711,0.0005784747,0.0082508753,0,0.0004445121,0.0001522302,0.2830872279,0.0131831329,0.0127629776,0,0.0012543766,0.0058151926,0.003677881,0.0000731,0.0001826762,0.0001583194,0.0006271883,0.0000609,0.1953113107,0.0001400518,0.0598629928,0.0078063632,0.0004445121,0.0007611509,0,0.0088780636,0.0002374791,0.0060526716,0.0092251484,0.0005358502,0.0769858426,0.0015344801,0,0.0002618359,0.0028375704,0.0015162125,0.0249353022,0.0001156949,0.001089968,0.0185964378,0.0011569493,0.0027644999,0.0011325925,0.000067,0.0117339017
jim,0.0095213806,0.0019552835,0.0058658505,0.0051007396,0.0028054068,0,0,0,0.0370653745,0.0005950863,0,0.0111366148,0.0860324747,0.0079911587,0.0006800986,0.0001700247,0,0.0114766641,0,0.0016152342,0.0669047012,0.0015302219,0.0004250616,0.0121567627,0.0007651109,0.0011051602,0.0120717504,0,0.0017002465,0.0016152342,0,0.000255037,0.0010201479,0,0.0067159738,0.0017852589,0,0,0,0.0056108136,0.0242285131,0,0.000085,0,0.3268723965,0.0249936241,0.0239734762,0,0.0045906656,0.0043356287,0.0038255547,0.0006800986,0.0029754314,0.0008501233,0,0,0.0200629091,0.0034855054,0.039275695,0.0221882173,0.0020402958,0.0005950863,0,0.0096914053,0.0009351356,0.000255037,0.0167474284,0.0005950863,0.0903681034,0.0017852589,0,0.0013601972,0.0035705177,0.0022953328,0.0565331973,0.0012751849,0.000085,0.0003400493,0.0010201479,0.0024653575,0.0011901726,0,0.0087562697
vikas-parashar,0.0176031799,0.0010840668,0.0000774,0.0041297783,0.0032522004,0,0,0,0.0337867486,0.0027876003,0,0.0028650337,0.086054255,0.0025294892,0.0005678445,0.0027359781,0,0.0186872467,0.0000258,0.0031747671,0.0511576285,0.0019874558,0.0001548667,0.0103760679,0.0001548667,0.0001806778,0.0167514132,0.0001032445,0.0013679891,0.0033296337,0,0,0,0.0001806778,0.0002064889,0.0032522004,0,0.0002581111,0.0004904112,0,0.0178871022,0,0.000671089,0,0.2978602586,0.0105309346,0.0382520713,0,0.0006969001,0.0168288465,0.0035877449,0.0008517668,0,0.0001548667,0.0005936556,0.0002581111,0.0950365227,0,0.0363162378,0.0172418243,0.0006452779,0.0026069225,0,0.0079756343,0.0003871667,0.0082595566,0.0142993573,0.0010324446,0.1090519578,0.0004387889,0,0.0000774,0.0022455669,0.0039749116,0.0115375681,0,0.0017293447,0.0082595566,0.0001548667,0.0029166559,0.0023230003,0,0.0160028908
prasanthlouis,0.0187123375,0.0009514748,0.0038058991,0.0136378053,0.001268633,0,0,0,0.001268633,0,0,0.0285442436,0.0745321916,0,0,0.0015857913,0,0.0196638122,0,0.001268633,0.0856327307,0,0.0003171583,0.0009514748,0.0006343165,0,0.0222010783,0,0,0.001268633,0,0,0,0,0,0.001268633,0,0,0,0,0.0006343165,0,0,0,0.3035204567,0.0323501427,0.0225182366,0,0,0.0006343165,0,0,0,0,0.0009514748,0,0.0336187758,0,0.0694576594,0.0006343165,0,0.0076117983,0,0.0301300349,0.0003171583,0,0.0031715826,0.001268633,0.0624801776,0,0.001268633,0.0015857913,0.0015857913,0.0076117983,0.0954646369,0,0.0009514748,0.0038058991,0,0.025372661,0,0,0.0155407548
jayasth,0.011391271,0.0015359017,0.0008959427,0.0012799181,0.0020478689,0,0,0,0.0430052477,0.0002559836,0,0.0019198771,0.0799948803,0.0012799181,0,0,0,0.0129271727,0.0001279918,0.0051196723,0.062843978,0.0048636887,0,0.02406246,0.0002559836,0,0.0067835659,0,0.0001279918,0.0055036478,0,0,0,0,0.0001279918,0.0020478689,0,0.0002559836,0,0.000639959,0.0193267631,0,0,0,0.3327787022,0.01203123,0.0172788942,0,0.0002559836,0.0028158198,0.0039677461,0,0,0.0001279918,0,0.0002559836,0.0734672981,0.0007679509,0.0538845514,0.0193267631,0,0.000639959,0,0.0057596314,0.0001279918,0.0079354921,0.0286701651,0.0012799181,0.1046972994,0.0001279918,0,0.0002559836,0.005375656,0.0007679509,0.0131831563,0,0.0003839754,0.0075515167,0,0.003327787,0.0011519263,0,0.0131831563
vijetha35,0.0499498831,0.0005011694,0,0.0008352823,0.0008352823,0,0,0,0.0217173405,0.0008352823,0,0.004677581,0.0865352489,0,0,0.0001670565,0,0.0504510525,0,0.0010023388,0.0497828266,0,0,0.0036752422,0,0.0003341129,0.0103575008,0,0.0006682259,0.0010023388,0,0,0,0,0,0.0008352823,0,0.0006682259,0,0,0.0178750418,0,0.0008352823,0,0.2562646174,0.0043434681,0.0474440361,0,0.0031740728,0.0083528233,0.0055128633,0,0,0.0001670565,0,0.0006682259,0.1182759773,0,0.0454393585,0.0178750418,0,0.0005011694,0,0.0086869362,0,0.0028399599,0.0105245573,0,0.1070831941,0,0,0.0003341129,0.0033411293,0.0011693953,0.0307383896,0,0.0070163715,0.0133645172,0,0.0005011694,0,0,0.0028399599
stickster,0.0060586272,0.0055507183,0.0007981425,0.0020316355,0.0026121027,0,0.0000363,0.0001088376,0.0221665941,0.0003990713,0.0000726,0.0046437382,0.0806849514,0.0009795385,0.0036279205,0,0,0.0116093455,0.0007255841,0.0013423306,0.0523508925,0.0014511682,0.0006167465,0.0113553911,0.0006167465,0.0084893339,0.0098679437,0,0.0023581483,0.001414889,0.0021404731,0.0002539544,0.0000363,0.0000363,0.0006530257,0.0025395443,0,0.0014874474,0.0001088376,0.0006167465,0.0127702801,0,0.0004716297,0.0000726,0.3286533159,0.0130605137,0.0339936149,0,0.0008344217,0.0017051226,0.0008344217,0.0015600058,0,0.0005441881,0.0002176752,0.0016688434,0.0436076041,0.0001088376,0.0421564359,0.0117544623,0.0010158177,0.0035190829,0,0.0227470614,0.0009795385,0.0043897838,0.0281163837,0.0009432593,0.1057538819,0.0045349006,0.0007255841,0.0013060514,0.0012697722,0.0058772312,0.04607459,0.000181396,0.001596285,0.0004353505,0.0024669859,0.0085256131,0.0002176752,0.0000726,0.0253954433
matheeeny,0.0110283981,0.0011028398,0.0001838066,0.0028490028,0.0056061024,0,0,0,0.0259167356,0.0004595166,0,0.0032166161,0.1016450694,0.0012866464,0.0000919,0.0011028398,0,0.0121312379,0.0001838066,0.0032166161,0.0534877309,0.0016542597,0.0005514199,0.0185644702,0,0.0022975829,0.0068008455,0,0.0010109365,0.0033085194,0.0000919,0,0,0.0008271299,0.0003676133,0.0056061024,0,0.0001838066,0.0015623564,0.0001838066,0.0152559507,0,0.00027571,0,0.3047514015,0.005789909,0.0417241062,0,0.00027571,0.003768036,0.0025732929,0.0000919,0,0.00027571,0.00027571,0.00027571,0.0831725025,0,0.0425512361,0.0151640474,0.0000919,0.0008271299,0,0.008087492,0.0003676133,0.0022056796,0.0154397574,0.0008271299,0.1524676041,0.0008271299,0,0.0003676133,0.0022056796,0.0018380664,0.0086389119,0.0000919,0.0011028398,0.0010109365,0.0001838066,0.0041356493,0.0008271299,0,0.0157154673
pulkitpahwa,0.0088622509,0.0026740433,0.0004917781,0.0048153271,0.0052661237,0.0000307,0.0000102,0,0.031514779,0.0008503663,0.000041,0.0051021976,0.0830080426,0.0012089545,0.0013831259,0.0005532503,0,0.0115362942,0.0002356437,0.0027867425,0.0666359305,0.003616618,0.0006761949,0.012181753,0.0006147226,0.0005839865,0.0110752523,0,0.0018749039,0.0031965576,0.0003585882,0,0.0000307,0.0006966856,0.000041,0.0052251422,0,0.0003790789,0.0002151529,0.000461042,0.016341376,0,0.0010962553,0.0000922,0.3216023769,0.0112494237,0.0333487014,0,0.0010040469,0.0063009067,0.0029609139,0.0005839865,0.0000102,0.0006966856,0.000706931,0.0004405512,0.0690128579,0.0000922,0.0515137544,0.016126223,0.0002151529,0.0028482147,0,0.0138107679,0.000624968,0.0053173505,0.0045387019,0.0011474822,0.1117463245,0.0018031863,0.000041,0.0006966856,0.0015265611,0.0047231187,0.0168638902,0.0002766252,0.0023359459,0.0021310384,0.0000615,0.0039137339,0.0011372368,0.0000512,0.0227754726
euphonogenizer,0.0179964631,0.0018724644,0.0017684386,0.0032247998,0.0034328513,0,0,0,0.0479558931,0.0013523354,0.0002080516,0.0116508894,0.0767710392,0.0001040258,0.002080516,0.0002080516,0,0.0198689275,0,0.0022885676,0.0597108083,0.0016644128,0,0.0220534693,0.0008322064,0,0.0048892125,0,0.0019764902,0.0024966192,0.0001040258,0.0006241548,0,0,0,0.0034328513,0,0.0001040258,0.0002080516,0.0017684386,0.0177884115,0,0.0007281806,0,0.3460938313,0.016019973,0.010818683,0,0.0055133673,0.0042650577,0.001040258,0,0.0001040258,0.0001040258,0,0.0001040258,0.0664724852,0,0.0473317383,0.0169562051,0.0008322064,0.0018724644,0,0.0176843857,0.002080516,0.0053053157,0.0104025798,0.0008322064,0.052116925,0.0006241548,0,0.0018724644,0.0007281806,0.0038489545,0.0322479975,0.0007281806,0.001040258,0.0091542703,0.0003120774,0.0068657027,0.0001040258,0,0.027358785
rahlk,0.0152411441,0.0024589974,0.0053355603,0.0077249635,0.0019486394,0,0,0.0001159904,0.0335908321,0.0002087828,0,0.0126429582,0.0597582759,0.0051267776,0.0000928,0.0021110261,0,0.017560953,0,0.0002087828,0.0724476303,0,0.0000464,0.0131765143,0.0003247732,0.0000696,0.0148699747,0,0.0004639618,0.0002087828,0,0.0001623866,0.0001159904,0,0.0006031503,0.001832649,0,0.0000696,0,0.0047556081,0.0193240077,0,0,0,0.3950402487,0.0257962744,0.0180249147,0,0.0046164196,0.0125501659,0.0012526968,0.0011599044,0.0029925534,0.0004871599,0.0001391885,0.0000696,0.0192776115,0.0035725056,0.037766488,0.0166098313,0.0027141764,0.0006727446,0.0001391885,0.0078409539,0.0019022433,0.0009511216,0.0140580416,0.0000464,0.0572064862,0.0003247732,0.0001391885,0.0019022433,0.0011367063,0.0011367063,0.0587143619,0.0005799522,0.0004407637,0.0014614796,0.0015542719,0.002366205,0.0044076368,0,0.0083513119
djadmin,0.0239808153,0,0.0023980815,0.0059952038,0.0011990408,0,0,0,0.0131894484,0.0011990408,0,0.0071942446,0.087529976,0,0,0.0035971223,0,0.0239808153,0,0,0.0851318945,0,0,0.020383693,0,0,0,0,0,0,0,0,0,0,0,0.0011990408,0,0,0,0,0.0191846523,0,0,0,0.2973621103,0.0119904077,0.0131894484,0,0,0.0071942446,0,0,0,0,0,0,0.1211031175,0.0023980815,0.0791366906,0.0191846523,0,0.0011990408,0,0.0035971223,0,0,0.0239808153,0,0.0731414868,0,0,0,0.0071942446,0.0011990408,0.0095923261,0,0,0.0167865707,0,0.0035971223,0,0,0.0119904077
Indish,0.0040650407,0,0,0.012195122,0.0081300813,0,0,0,0.0081300813,0,0,0.0243902439,0.087398374,0,0,0.006097561,0,0.0040650407,0,0.0081300813,0.1016260163,0,0,0.0081300813,0,0,0.006097561,0,0,0.0081300813,0,0,0.0040650407,0,0,0.0040650407,0,0,0.0081300813,0.0040650407,0.0081300813,0,0,0,0.3150406504,0.0243902439,0.0142276423,0,0.0040650407,0.0040650407,0,0,0,0,0,0,0.0914634146,0,0.0650406504,0.0081300813,0,0,0,0.0081300813,0,0,0,0,0.0955284553,0,0,0,0.0040650407,0,0.0243902439,0,0,0.0040650407,0,0.0081300813,0,0,0.0142276423
bikurishita,0.0171513796,0.0007457122,0.0044742729,0.0052199851,0,0,0,0,0.0328113348,0,0,0.0231170768,0.0708426547,0,0,0.0022371365,0,0.0178970917,0,0.0007457122,0.0745712155,0,0,0.0052199851,0.0007457122,0,0.0014914243,0,0,0.0007457122,0.0007457122,0,0,0,0,0,0,0,0.0007457122,0.0022371365,0.0156599553,0,0,0,0.3020134228,0.0171513796,0.0275913497,0,0.0171513796,0.0082028337,0.0029828486,0,0,0.0052199851,0.0007457122,0,0.0402684564,0.0037285608,0.0477255779,0.0156599553,0,0,0,0.0275913497,0.0022371365,0,0,0.0029828486,0.1051454139,0,0,0.0044742729,0.0029828486,0,0.0499627144,0.0007457122,0.0007457122,0,0,0.0156599553,0,0,0.0216256525
easyfly007,0.0158730159,0.008517228,0.0007742935,0.0096786682,0.0007742935,0,0,0,0.0178087495,0,0,0.0139372822,0.0925280681,0.0038714673,0,0.0116144019,0,0.018583043,0,0.0003871467,0.0588463027,0.0007742935,0.0027100271,0.0089043748,0,0,0.0108401084,0,0,0.0003871467,0,0,0,0,0,0.0007742935,0,0.0003871467,0,0.0081300813,0.0116144019,0,0,0,0.2950058072,0.0251645374,0.0274874177,0,0.0038714673,0.0030971738,0.0030971738,0,0.0003871467,0.0027100271,0,0.0003871467,0.0623306233,0.004258614,0.0371660859,0.0116144019,0,0.0003871467,0.0054200542,0.0216802168,0.0030971738,0.0015485869,0.0007742935,0.0023228804,0.0642663569,0,0,0.0023228804,0.0050329075,0.0003871467,0.0797522261,0,0.0034843206,0,0.0003871467,0.0104529617,0.0038714673,0,0.0205187766
shaharzeira,0.0387096774,0,0.0036866359,0.0110599078,0.002764977,0,0,0,0.0110599078,0,0,0.0092165899,0.0903225806,0.001843318,0,0,0,0.0387096774,0,0,0.0783410138,0,0,0.0082949309,0,0,0.0046082949,0,0,0,0,0,0,0,0,0.002764977,0,0,0.001843318,0.0064516129,0.0193548387,0,0,0,0.3179723502,0.0221198157,0.0497695853,0,0.000921659,0.0202764977,0.000921659,0,0,0.001843318,0,0,0.0202764977,0.0036866359,0.0608294931,0.0193548387,0,0,0,0.0092165899,0.001843318,0,0.0138248848,0,0.0525345622,0,0.0064516129,0,0.002764977,0,0.0460829493,0,0.000921659,0.000921659,0,0.0064516129,0.001843318,0,0.0101382488
DestroyerAlpha,0,0,0,0.0019120459,0,0,0,0,0.0095602294,0,0,0,0.0554493308,0,0,0.0439770554,0,0,0,0,0.0267686424,0,0,0.0152963671,0,0,0.0019120459,0,0,0,0,0,0,0,0,0,0,0,0,0,0.0152963671,0,0,0,0.1414913958,0.0038240918,0.0363288719,0,0,0.0076481836,0,0,0,0,0,0,0.5219885277,0,0.0248565966,0.0152963671,0,0,0,0.0191204589,0,0.0038240918,0,0,0.0057361377,0,0,0,0.0038240918,0,0.0076481836,0,0,0,0,0.0191204589,0,0,0.0191204589
naveen,0.0199538914,0.0034978933,0.005902695,0.0069162891,0.0017290723,0,0,0,0.0179068288,0.0001391208,0.0000199,0.0079696319,0.0806105414,0.0043723666,0.0003974879,0.0025836712,0,0.0232927896,0,0.0008347245,0.0714881946,0.0003577391,0.0002583671,0.0070951586,0.0004571111,0.0002782415,0.0140710708,0,0.000556483,0.0008545989,0.0000199,0.0000596,0.0004968598,0,0.0015700771,0.0012322124,0,0.0013315844,0.0001391208,0.0066380475,0.010195564,0,0.0000397,0,0.3229390254,0.0249026155,0.0327331266,0,0.0024445504,0.0049685985,0.000655855,0,0.002066937,0.0005167342,0.0000199,0.001411082,0.0367278798,0.0031004054,0.0442602751,0.0090031004,0.0011924636,0.0007949758,0.0001391208,0.0098576993,0.0015700771,0.0015700771,0.0203315049,0.0002782415,0.1092097941,0.0003179903,0,0.0026432944,0.0021464345,0.0013514588,0.052031163,0.0006161062,0.0001589952,0.0008545989,0.0007353526,0.0034581445,0.0027625407,0,0.0089633516
peterk143,0.0418994413,0,0,0.0067039106,0.0016759777,0,0,0,0,0,0,0.0368715084,0.0972067039,0,0,0.0106145251,0,0.0418994413,0,0.0027932961,0.0519553073,0,0,0,0,0,0.0072625698,0,0,0.0027932961,0,0,0,0,0,0.0016759777,0,0.0022346369,0,0,0,0,0,0,0.2463687151,0.0491620112,0.0458100559,0,0,0.0033519553,0,0,0,0,0,0.0022346369,0.0854748603,0,0.0424581006,0,0,0,0,0.0078212291,0.0005586592,0.0122905028,0.0111731844,0.0033519553,0.1078212291,0,0,0.0022346369,0.0027932961,0,0.0569832402,0,0,0.0011173184,0,0.0016759777,0,0,0.0117318436
skyrideraj,0,0,0,0,0.0029761905,0,0,0,0.0079365079,0,0,0.0089285714,0.1200396825,0,0,0,0,0,0,0,0.0337301587,0,0,0.0069444444,0,0,0,0,0,0,0,0,0.0029761905,0,0,0,0,0,0,0.0238095238,0.0079365079,0,0,0,0.2341269841,0.0386904762,0.068452381,0,0,0,0.0009920635,0,0,0,0,0,0.0476190476,0.005952381,0.0337301587,0.0079365079,0,0,0,0.0009920635,0,0,0.0089285714,0,0.1468253968,0,0,0,0.001984127,0,0.1775793651,0,0,0.0089285714,0,0.0009920635,0,0,0.0009920635
Abhi0725,0.0192307692,0.0054945055,0.0082417582,0.0054945055,0.0027472527,0,0,0,0.0054945055,0,0,0.0412087912,0.0769230769,0,0,0.0274725275,0,0.0247252747,0,0,0.0824175824,0,0.0027472527,0.0082417582,0,0,0.010989011,0,0,0,0,0,0,0,0,0.0027472527,0,0,0.0027472527,0.0054945055,0.0082417582,0,0,0,0.2664835165,0.0549450549,0.0137362637,0,0,0,0,0,0,0,0,0,0.0851648352,0,0.0576923077,0.0082417582,0,0,0,0.0137362637,0,0,0.010989011,0.0027472527,0.0796703297,0,0,0,0.0027472527,0,0.0357142857,0,0,0,0,0.010989011,0,0,0.0164835165
CarterPape,0.0150426309,0.0029232643,0.0010962241,0.0040194884,0.0052984166,0,0,0,0.0423264312,0.0007308161,0,0.0063337393,0.0786236297,0.0021315469,0.000182704,0,0,0.0179658952,0,0.0016443362,0.0669305725,0.0037758831,0.0004872107,0.0174177832,0.000182704,0.0000609,0.0156516443,0,0.003227771,0.0021924482,0,0,0.0001218027,0.000365408,0.0008526188,0.0051766139,0,0.0011571255,0.0002436054,0.0004263094,0.0222898904,0,0.0010962241,0,0.3305724726,0.009317905,0.0272228989,0,0.0024360536,0.0040803898,0.0040803898,0.0009135201,0.0001218027,0.0009744214,0.0005481121,0.0012180268,0.0590133983,0,0.043909866,0.0210109622,0.0012789281,0.003045067,0,0.0102314251,0.0006699147,0.0037758831,0.0065773447,0.0004263094,0.0923873325,0.0010353228,0.0001218027,0.0005481121,0.0003045067,0.006272838,0.015590743,0.0004872107,0.0035322777,0.0021924482,0.0022533496,0.0023142509,0.0010353228,0,0.0205237515
sohamchakravarty,0.020693094,0.0034904014,0.0089753179,0.0089753179,0.0022438295,0,0,0,0.0117177761,0,0,0.0209424084,0.0972326103,0.0069808028,0,0.0094739466,0,0.0241834954,0,0,0.0580902518,0,0.0022438295,0.0067314884,0.0004986288,0,0.0019945151,0,0.0007479432,0,0,0,0,0,0.0024931439,0.0022438295,0,0,0,0.0092246323,0.0099725754,0,0.0004986288,0,0.3024183495,0.0453752182,0.0378957866,0,0.0047369733,0.0059835453,0,0.0007479432,0.0042383446,0.0022438295,0.0012465719,0,0.0216903515,0.0027424582,0.0346546996,0.0079780603,0.0019945151,0.0012465719,0,0.0186985789,0.0022438295,0.0039890302,0.0004986288,0.0009972575,0.0393916729,0,0,0.0024931439,0.0092246323,0.0019945151,0.1019695836,0.0004986288,0.0004986288,0.0002493144,0.0002493144,0.0112191473,0.0039890302,0,0.0169533782
ghoiufyia,0.0352112676,0,0.0035211268,0.0035211268,0,0,0,0,0.0176056338,0,0,0.0070422535,0.0704225352,0,0,0.014084507,0,0.0352112676,0,0,0.0985915493,0,0,0.0035211268,0,0,0,0,0,0,0,0,0,0,0,0,0,0,0,0,0.0105633803,0,0,0,0.2816901408,0.014084507,0.014084507,0,0,0,0,0,0,0,0,0,0.176056338,0,0.0950704225,0.0105633803,0,0,0,0,0,0.0035211268,0,0,0.0809859155,0,0,0,0.0035211268,0,0.0070422535,0,0,0.014084507,0,0,0,0,0
abhik137,0,0,0,0,0.0098684211,0,0,0,0.0197368421,0.0065789474,0,0.0032894737,0.0690789474,0.0032894737,0,0,0,0,0,0,0.0723684211,0.0065789474,0,0.0098684211,0,0,0.0098684211,0,0,0,0,0,0,0,0,0.0098684211,0,0,0.0065789474,0,0.0197368421,0,0,0,0.2006578947,0.0065789474,0.0526315789,0,0,0.0394736842,0.0032894737,0,0,0,0,0,0.1875,0,0.0690789474,0.0197368421,0,0,0,0,0,0.0032894737,0.0230263158,0,0.0559210526,0,0,0,0.0164473684,0,0.0592105263,0,0,0.0032894737,0,0,0.0032894737,0,0.0098684211
shrikrishnaholla,0.0321476592,0.0051338467,0.0034225645,0.0097787557,0.00110011,0,0,0,0.0102676934,0.0007334067,0,0.0184574013,0.1029214033,0.0026891578,0,0.0039115023,0,0.0372815059,0,0.0017112822,0.0710182129,0.0002444689,0.00220022,0.0062339567,0.0003667033,0,0.0057450189,0,0.0004889378,0.00220022,0,0,0,0,0,0.00110011,0,0.0001222344,0,0.0020779856,0.0070895978,0,0.0002444689,0,0.2909179807,0.0229800758,0.0227356069,0,0.0023224545,0.00330033,0.0002444689,0,0,0.00110011,0,0.0001222344,0.0924092409,0.0008556411,0.0487715438,0.0059894878,0.00110011,0.0025669234,0,0.0187018702,0.0023224545,0.0004889378,0.0046449089,0.0039115023,0.0719960885,0,0.0002444689,0.0008556411,0.0023224545,0.0030558611,0.0321476592,0.0001222344,0.0007334067,0.0034225645,0,0.010145459,0.0026891578,0,0.018090698
kracekumar,0.0103162569,0.001074046,0.0028430629,0.0062005849,0.0016607098,0,0.0000181,0,0.0141972634,0.0006588686,0.0003790751,0.0723040543,0.063585328,0.0009657388,0.0002166143,0.0070670421,0.00000903,0.0113812773,0.0000632,0.0012906603,0.0649933211,0.0004332286,0.0005776382,0.0059388426,0.0004422542,0.0000903,0.0110202534,0,0.0007762013,0.0012996859,0.0003971263,0.0001444095,0.0003881007,0.0000812,0.0002166143,0.0012365067,0.0000181,0.0000993,0.0002617423,0.0024098343,0.0088541103,0,0.0002797935,0.0002888191,0.3207697029,0.0819614427,0.0226993754,0,0.0022834759,0.0050272573,0.0012635835,0.0003519983,0.0001714863,0.0016246074,0.0002075887,0.0001173328,0.0381421712,0.0014079931,0.0479529947,0.0085201632,0.0003339471,0.0011823532,0.00000903,0.011164663,0.0012996859,0.003601213,0.006444276,0.0007942525,0.063449944,0.0003249215,0.0002707679,0.0014079931,0.0040073649,0.0019585545,0.0510216975,0.000514459,0.0013177371,0.0011372252,0.0000812,0.004720387,0.0007130221,0.0002346655,0.0170313008
cgutshal,0,0,0,0,0,0,0,0,0,0,0,0,0,0,0,0,0,0,0,0,0,0,0,0,0,0,0,0,0,0,0,0,0,0,0,0,0,0,0,0,0,0,0,0,0,0,0,0,0,0,0,0,0,0,0,0,0,0,0,0,0,0,0,0,0,0,0,0,0,0,0,0,0,0,0,0,0,0,0,0,0,0,0
kelcecil,0.0268292683,0.0024390244,0.0024390244,0.0134146341,0.0036585366,0,0,0,0.0073170732,0,0,0.006097561,0.087804878,0,0.0012195122,0.0109756098,0,0.0292682927,0,0,0.0707317073,0,0.0024390244,0.0109756098,0,0,0.0012195122,0,0.0012195122,0,0,0,0,0,0,0.0036585366,0,0,0,0,0.0207317073,0,0,0,0.2573170732,0.0109756098,0.0231707317,0,0,0.006097561,0,0,0,0,0,0,0.1195121951,0.0012195122,0.0548780488,0.0195121951,0.0012195122,0.006097561,0,0.0243902439,0.0073170732,0.0012195122,0.0207317073,0,0.0585365854,0,0,0.0036585366,0.0024390244,0.0073170732,0.0292682927,0,0.0048780488,0.0073170732,0,0.0073170732,0,0,0.0231707317
poryfly,0.0203454576,0.0010795549,0.003155622,0.0054808171,0.0016608537,0,0,0,0.0124564026,0,0,0.0077229696,0.0315562199,0.0003321707,0,0,0,0.0214250125,0.0001660854,0.0004152134,0.0340475004,0,0.0003321707,0.0029064939,0.0009965122,0,0.0067264574,0,0.0005812988,0.0004152134,0,0,0,0,0.0001660854,0.0016608537,0,0.000083,0.000083,0.0024912805,0.0067264574,0,0.0007473842,0,0.1433316725,0.0137850855,0.0067264574,0,0.0022421525,0.0025743232,0.0011625976,0.0002491281,0.0002491281,0.0003321707,0.0005812988,0.000083,0.5435143664,0.0022421525,0.0225045673,0.0051486464,0.001577811,0.0006643415,0,0.0057299452,0.0005812988,0,0.0014947683,0.000083,0.0424348115,0,0,0.0003321707,0.0012456403,0.0012456403,0.024165421,0.0001660854,0.0008304268,0.0021591098,0.000083,0.0019930244,0.0001660854,0,0.006560372
thesantosh,0.0043019803,0.0006078885,0.0003584984,0.0016054492,0.0012391574,0.0000156,0,0,0.011674577,0.0002182164,0,0.001496341,0.0274640917,0.0005143672,0.0002805639,0.0004754,0,0.0049098688,0.0000312,0.0005923016,0.0231153507,0.0004754,0.0002182164,0.0049800098,0.0001792492,0.0005065738,0.0053073344,0,0.0004598131,0.0006312689,0.0000468,0,0.0000468,0.0000623,0.0001169016,0.0011923967,0,0.0001714557,0.0002571836,0.0002883574,0.0065386983,0,0.0002961508,0.00000779,0.1130672652,0.0032888328,0.0103964524,0,0.0005143672,0.002782259,0.0011222557,0.0002493902,0,0.000140282,0.0002571836,0.0001714557,0.0394737868,0.0000546,0.0180496131,0.0063984164,0.000140282,0.0007325836,0,0.0048319344,0.0002727705,0.0014573738,0.0029147475,0.0002961508,0.0282979901,0.0004754,0.0000312,0.0001792492,0.000880659,0.0011923967,0.650526447,0.0001091082,0.0006858229,0.0014262,0.0002338033,0.0020964361,0.0003818787,0.0000623,0.0061256459
Kingson,0.0102407695,0.0014251033,0.0007298373,0.002423828,0.0028540479,0.00000384,0.0000269,0,0.0205391577,0.0007067898,0.0000154,0.0044596899,0.0548491926,0.0007221548,0.000741361,0.0010601847,0,0.0116658728,0.000073,0.0011638984,0.043233256,0.0013559608,0.0003072999,0.0086043975,0.0002381574,0.0004724736,0.0061459982,0,0.0013559608,0.0012445646,0.0000499,0.0000115,0.0000423,0.0000461,0.0002035862,0.0027772229,0.00000768,0.0001920624,0.0004071724,0.0005147273,0.0121306639,0,0.0004225374,0.00000768,0.2119178587,0.0075288478,0.0173201911,0,0.0011293272,0.0036222977,0.0015557058,0.0003303474,0.0000768,0.0005147273,0.0002650462,0.0001920624,0.0637032712,0.0002650462,0.0347633022,0.0115314291,0.0005992348,0.0020435444,0,0.0103521657,0.0006338061,0.0023585268,0.0071869766,0.000818186,0.0633844476,0.0010179309,0.0000576,0.0005416161,0.0011600572,0.0033995052,0.3344536976,0.0005838698,0.001743927,0.0023239556,0.0005608223,0.0038489314,0.0005147273,0.000096,0.0141319546
GeorgePanzerMathew,0.0154525386,0.0014716703,0.0007358352,0.0088300221,0.0036791759,0,0,0,0.0412067697,0,0,0.02133922,0.0684326711,0.0014716703,0.0007358352,0,0,0.016924209,0,0,0.080941869,0,0,0.0206033848,0.0014716703,0,0.0103016924,0,0.0014716703,0,0,0.0007358352,0,0,0,0.0036791759,0,0,0,0.0014716703,0.0286975717,0,0.0007358352,0,0.331861663,0.0228108904,0.02133922,0,0.0088300221,0.0007358352,0.0022075055,0.0014716703,0,0.0007358352,0.0007358352,0,0.0191317145,0.0066225166,0.0522442973,0.0279617366,0.0007358352,0.0022075055,0,0.0080941869,0,0.0007358352,0.0183958793,0,0.076526858,0,0,0.0014716703,0.0022075055,0.0036791759,0.0434142752,0,0,0.0022075055,0.0007358352,0.0036791759,0.0014716703,0,0.0073583517
darthvish,0.0172009382,0.0009950956,0.0004264695,0.0028431303,0.0017058782,0,0,0.0000711,0.0240955292,0.0000711,0,0.0055441041,0.098940934,0.0053308693,0.0013504869,0,0,0.0181960338,0.0009240173,0.0009240173,0.0512474234,0.0023455825,0.0004264695,0.0061838084,0.0000711,0,0.002487739,0,0.0009950956,0.0009950956,0.0001421565,0.0001421565,0.0000711,0,0.000284313,0.0016347999,0,0,0.0038382259,0.0004264695,0.0113725211,0.0046200867,0.0004264695,0,0.2958987846,0.0089558604,0.0312033549,0.0034828346,0.0013504869,0.0112303646,0.0026298955,0,0,0.0000711,0.0015637217,0,0.1142227593,0,0.0356102068,0.0113725211,0,0.0039803824,0,0.0129362428,0.0004264695,0.0027009738,0.0148553557,0.0012083304,0.1220413675,0.0013504869,0,0.0002132348,0.0013504869,0.004975478,0.0226028858,0,0.0022745042,0.0025588173,0.0005686261,0.0056151823,0.0013504869,0,0.0150685905
adamminter4,0,0,0,0,0,0,0,0,0,0,0,0.0672268908,0.0588235294,0,0,0.1008403361,0,0,0,0,0.0756302521,0,0,0,0,0,0,0,0,0,0,0,0,0,0,0,0,0,0,0,0,0,0,0,0.2521008403,0.0672268908,0,0,0,0,0,0,0,0,0,0,0.1680672269,0,0.0756302521,0,0,0,0,0.025210084,0,0,0,0,0.0504201681,0,0,0,0.0084033613,0,0,0,0,0,0,0.025210084,0,0,0.025210084
dragonfly90,0.0088719899,0,0,0.0088719899,0,0,0,0,0,0,0,0.0190114068,0.1305449937,0,0.0012674271,0.0266159696,0,0.0088719899,0,0,0.0861850444,0,0.0012674271,0,0,0,0.0050697085,0,0.0025348542,0,0,0,0,0,0,0,0,0,0,0,0,0,0,0,0.299112801,0.020278834,0.0266159696,0,0,0.0012674271,0,0,0,0.0012674271,0,0,0.072243346,0,0.072243346,0,0,0.0012674271,0,0.0152091255,0.0012674271,0.0012674271,0.0050697085,0,0.1204055767,0.0012674271,0,0,0.0050697085,0.0038022814,0.0316856781,0.0012674271,0.0050697085,0,0,0.0050697085,0,0,0.010139417
apoorv74,0.0065359477,0,0,0.0065359477,0.0130718954,0,0,0,0.0130718954,0,0,0.0326797386,0.0980392157,0,0,0,0,0.0065359477,0,0,0.091503268,0,0,0.0065359477,0,0,0,0,0,0,0,0,0.0065359477,0,0,0.0065359477,0,0,0.0130718954,0.0065359477,0.0130718954,0,0,0,0.3071895425,0.0326797386,0.0196078431,0,0.0065359477,0.0065359477,0,0,0,0,0,0,0.0980392157,0,0.0653594771,0.0130718954,0,0,0,0,0,0,0,0,0.091503268,0,0,0,0.0065359477,0,0.0196078431,0,0,0.0065359477,0,0,0,0,0.0065359477
unmarshal,0.0358000437,0.0032743942,0.0019646365,0.0144073346,0.0002182929,0,0,0,0.021392709,0.0008731718,0,0.0089500109,0.0657061777,0,0,0.0176817289,0,0.0390744379,0.0006548788,0.0030561013,0.0809866841,0.0010914647,0.0002182929,0.0076402532,0.0013097577,0,0.0076402532,0,0.0002182929,0.0030561013,0.0002182929,0,0,0,0,0.0002182929,0,0,0,0.0032743942,0.0133158699,0,0,0.0002182929,0.2957869461,0.0227024667,0.0259768609,0,0.0065487885,0.0058939096,0.0032743942,0,0,0.0002182929,0.0015280506,0,0.0421305392,0.0019646365,0.0486793277,0.0133158699,0,0.0008731718,0,0.0144073346,0.0008731718,0.0113512334,0.0048024449,0.0006548788,0.0812049771,0,0,0.0006548788,0.0019646365,0.0010914647,0.0499890854,0.0008731718,0.0008731718,0.0013097577,0,0.0091683039,0,0.0006548788,0.0187731936
jmilinovich,0.0238095238,0,0,0,0.0119047619,0,0,0,0.0238095238,0,0,0,0.0833333333,0,0,0.0238095238,0,0.0238095238,0,0,0.0595238095,0,0,0.0238095238,0,0,0,0,0,0,0,0,0,0,0,0.0119047619,0,0,0,0,0.0119047619,0,0,0,0.2738095238,0.0238095238,0,0,0,0,0,0,0,0,0,0,0.1071428571,0,0.0595238095,0.0119047619,0,0,0,0.0238095238,0.0119047619,0.0238095238,0.0595238095,0,0.0357142857,0,0,0,0.0119047619,0,0.0238095238,0,0,0,0,0.0119047619,0,0,0.0238095238
raghuveerkancherla,0.0138034658,0.0020373582,0.0021300255,0.003629913,0.0033055773,0.0000199,0.0000278,0,0.0327340844,0.0007122149,0.0000675,0.007106263,0.0667257973,0.0010961225,0.0015316591,0.0005454136,0,0.0158408239,0.0002832974,0.001481354,0.065481407,0.0023325699,0.0005017276,0.0118058222,0.0003018308,0.0011940852,0.0138696567,0,0.0017606799,0.0015369544,0.0005096705,0.0000715,0.0002290208,0.000242259,0.0002607924,0.0030368419,0.0000119,0.0003918506,0.0001112008,0.0026886774,0.0160195396,0,0.0007916441,0.0001284105,0.3110975787,0.0162326745,0.0249791498,0,0.0015448973,0.0048703319,0.0025033426,0.0003309549,0.0000635,0.0005705662,0.0004156793,0.0004236222,0.0720025417,0.0010974464,0.051055746,0.0155773839,0.0004421557,0.0024358279,0,0.013640636,0.0006076331,0.0032791009,0.009826712,0.0010524365,0.1007598724,0.0019883769,0.0000569,0.0006499954,0.0007254531,0.0041965078,0.0519731529,0.0002912403,0.0021723878,0.002258436,0.000205192,0.0043540423,0.0008247395,0.000352136,0.0187849985
mrafayaleem,0.0179811496,0.0011981168,0.0012357048,0.0032889482,0.0021002283,0,0,0,0.0233186427,0.0007329656,0.0000235,0.0040923913,0.0949425374,0.0012357048,0.0002631159,0.0001973369,0,0.0191792665,0.0000188,0.0015317102,0.0635377806,0.0015927906,0.0003241963,0.0068551077,0.0001926384,0.0000094,0.0095943317,0,0.0008551265,0.0016773636,0.0000329,0.0001033669,0.0000329,0.0004040708,0.0003147993,0.0020673389,0,0.0002772113,0.0017525395,0.0010618604,0.0133014462,0,0.0007705536,0.0000094,0.2884971386,0.0089976226,0.0375597884,0,0.0015552026,0.007263877,0.0018371125,0.0002913068,0.0000329,0.0004933422,0.0002772113,0.0002772113,0.0923348713,0.0003054023,0.0503631939,0.0128691844,0.0004322618,0.0010806544,0,0.0083492299,0.0006249002,0.0036319385,0.0099608145,0.0005497242,0.1210802785,0.0003852768,0.0000799,0.0005309302,0.0005638197,0.0019357809,0.0450210023,0.0002537189,0.0024855051,0.0112998863,0.0001315579,0.0023257562,0.0009115085,0.0000047,0.0092983264
dgersting,0.0171997859,0.0051130048,0.0046436952,0.0030134618,0.0024206496,0,0.0000988,0,0.0268412169,0.0008974517,0.0000494,0.0080111976,0.0653987073,0.0009962538,0.0010621218,0.0007986497,0.0009221522,0.0188464864,0.0002634721,0.0014490964,0.0740027171,0.0009056852,0.0002387716,0.0091391874,0.0005845787,0.0001976041,0.0150261414,0,0.0013420608,0.0014984974,0.0009797868,0.0004446091,0.0006010457,0.0000988,0.0001893705,0.0017208019,0,0.000131736,0.0002881726,0.0046519287,0.015693055,0,0.0005598781,0.0003046396,0.3143057099,0.0208307604,0.0247005064,0,0.0032439998,0.0048577663,0.0018607715,0.0009303857,0.0003869746,0.0004363756,0.0005516446,0.000131736,0.0310650035,0.0029722943,0.0565888601,0.0148367708,0.0008562842,0.00195134,0.0024782841,0.0144744967,0.0015890659,0.0011362233,0.0070561113,0.0014161624,0.112766045,0.0013585278,0.0000906,0.0014984974,0.0006257462,0.0032934008,0.058342596,0.0004281421,0.0009797868,0.0006422132,0.0000906,0.0051047713,0.0007986497,0.0002305381,0.0184677453
imanujagarwal,0,0,0,0,0,0,0,0,0,0,0,0,0.125,0,0,0.125,0,0,0,0,0,0,0,0,0,0,0,0,0,0,0,0,0,0,0,0,0,0,0,0,0,0,0,0,0.125,0,0.125,0,0,0,0,0,0,0,0,0,0.25,0,0,0,0,0,0,0,0,0,0,0,0.125,0,0,0,0.125,0,0,0,0,0,0,0,0,0,0
SudShekhar,0.0081995184,0.0005362349,0.0003022415,0.0020864411,0.0021059405,0,0,0.00000975,0.0417580703,0.0012772139,0.0000292,0.0018914466,0.0981309778,0.0015112073,0.0008677255,0.00000975,0,0.0087357532,0.0000292,0.0014039603,0.054335215,0.0015599559,0.0001169967,0.0106466992,0.0000877,0.0036561467,0.007751031,0,0.0007702282,0.0014722084,0.00000975,0,0.0000195,0.000039,0.0003704895,0.0020864411,0,0.0002534928,0.000848226,0.0003217409,0.0246765529,0.0000877,0.000672731,0,0.3200249593,0.0051576043,0.0410463404,0,0.0007507288,0.0081507697,0.0062788226,0.0013649614,0.00000975,0.000175495,0.0001169967,0.0002534928,0.0815954449,0.0002339934,0.0446537385,0.0237210799,0.000955473,0.0008872249,0,0.0077997797,0.0003509901,0.003080913,0.0207961625,0.0002729923,0.1163337136,0.002018193,0,0.0001364961,0.0023789328,0.0016574532,0.0117094192,0.0000975,0.0016574532,0.0049626098,0.0007214796,0.0016574532,0.0010919692,0,0.0092329892
datasaur,0.0149253731,0,0,0.0074626866,0,0,0,0,0,0.0074626866,0,0,0.1343283582,0,0,0.0074626866,0,0.0149253731,0,0.0074626866,0.0671641791,0,0,0,0,0,0.0223880597,0,0,0.0074626866,0,0,0,0,0,0,0,0,0,0,0,0,0.0074626866,0,0.2537313433,0.0074626866,0.0447761194,0,0,0,0,0,0,0,0,0,0.1268656716,0,0.0597014925,0,0,0,0,0.0149253731,0.0074626866,0.0074626866,0,0,0.1343283582,0,0,0,0.0074626866,0,0.0149253731,0,0,0.0074626866,0,0,0,0,0.0149253731
digen,0.007823717,0.0024850035,0.0013766529,0.0034522305,0.0026177602,0.0000932,0.000034,0.00000112,0.0275057258,0.0020404361,0.0000826,0.0063031515,0.0864256892,0.0006169279,0.000790404,0.0018067175,0.00001,0.0103037003,0.0004473564,0.0020588435,0.0627715794,0.0019723844,0.0005009053,0.0085243151,0.0004071947,0.000549434,0.014285284,0.00000446,0.0008489731,0.002178213,0.0003162732,0.000199135,0.0003899029,0.0004903071,0.0001478173,0.0021759818,0.0000178,0.0006978091,0.0006543006,0.0017414548,0.0176281855,0.0000257,0.0003330072,0.0000786,0.3055377369,0.0140381781,0.0422411552,0.00000112,0.0008740742,0.0063974198,0.0041946636,0.000246548,0.0003519724,0.0006877687,0.0004183508,0.0007580516,0.0739833798,0.0003681487,0.0503292699,0.0171468032,0.0004813823,0.0013013498,0.00001,0.0111794479,0.0006688034,0.0029390535,0.0069306776,0.0008740742,0.1009084347,0.0015094095,0.0001355456,0.0007201211,0.0008640338,0.0021503229,0.0552892366,0.0003212934,0.001342627,0.0022897732,0.0000786,0.0043686975,0.0004322958,0.0007078495,0.0137079599
revathskumar,0.0197956577,0.0003192848,0,0.0086206897,0.0038314176,0,0,0,0.0095785441,0.0003192848,0,0.0022349936,0.0584291188,0.0006385696,0.0003192848,0.001596424,0,0.0201149425,0,0.0012771392,0.0609833972,0.0006385696,0.0003192848,0.0019157088,0,0,0.0162835249,0,0.0006385696,0.0012771392,0,0,0,0,0,0.0038314176,0,0,0.0028735632,0,0.0051085568,0,0.001596424,0,0.2401021711,0.0092592593,0.0236270754,0,0.0012771392,0.0086206897,0.0009578544,0.0041507024,0,0.0003192848,0.0038314176,0,0.3093869732,0,0.0440613027,0.0051085568,0,0,0,0.0130906769,0.0003192848,0.0083014049,0.0051085568,0.0006385696,0.0520434227,0,0,0,0.0012771392,0.0006385696,0.0134099617,0,0.0051085568,0.0006385696,0.0003192848,0.0051085568,0.0006385696,0,0.0201149425
bup,0.0075707942,0.0030756351,0.001510519,0.0044951591,0.0062058674,0,0.0000728,0,0.0213292568,0.0006733639,0.0000728,0.0085717406,0.0897211909,0.0009827473,0.0001819902,0.0013285288,0,0.0106464294,0.000727961,0.0028208488,0.0691744922,0.0023658732,0.0005823688,0.0090085171,0.0006551649,0.0025296644,0.0134672782,0,0.0035670088,0.0028754459,0.0009463493,0.0000182,0.0004003785,0.0005459707,0.0002547863,0.0057326927,0,0.0002001893,0.0001455922,0.0024750673,0.0127393172,0,0.0002001893,0.0001273932,0.3190834971,0.0209834753,0.0362160588,0,0.0031302322,0.0060784742,0.0011465385,0.0011465385,0.0009827473,0.0010191454,0.0006187668,0.0002001893,0.0516124336,0.0014377229,0.0475176531,0.0124481328,0.0002911844,0.0037853971,0,0.0114653855,0.0011829366,0.0070794205,0.0065880469,0.0017653054,0.1025333042,0.0002001893,0.0008371551,0.0010009463,0.0011829366,0.0073524059,0.033358812,0.0001819902,0.0011829366,0.000709762,0.0003457815,0.0049137366,0.000709762,0.0001637912,0.021547645
shenwei356,0.0099337748,0.0033112583,0.0006622517,0.0066225166,0.0013245033,0,0,0,0.0092715232,0,0,0.001986755,0.1185430464,0.0033112583,0,0.0609271523,0,0.0132450331,0,0,0.0523178808,0,0,0.0013245033,0,0,0.0132450331,0,0,0,0,0,0.0006622517,0,0.0013245033,0.0006622517,0,0.001986755,0.0006622517,0.0013245033,0.0072847682,0.0006622517,0,0,0.2821192053,0.0059602649,0.0198675497,0,0.0006622517,0.0066225166,0,0,0.0006622517,0,0,0.001986755,0.0927152318,0.0006622517,0.0370860927,0.0026490066,0.0046357616,0.0013245033,0,0.0052980132,0,0.0006622517,0.021192053,0,0.1132450331,0,0,0.001986755,0.0079470199,0.0013245033,0.0609271523,0,0.0013245033,0.0046357616,0.0013245033,0.0039735099,0.001986755,0.0006622517,0.0059602649
rcdosado,0.0089358083,0.0005103317,0.0003001951,0.0022714765,0.0019812878,0,0,0,0.0416070446,0.001250813,0.00003,0.0019612748,0.095952369,0.0015209886,0.0008805724,0,0,0.00944614,0.00003,0.0014609496,0.0560764497,0.0016210537,0.0001200781,0.0108970831,0.000100065,0.0041126732,0.0080952619,0,0.0008005203,0.0015410017,0.00006,0,0.00002,0.00004,0.0003702407,0.0019512683,0.00001,0.0002701756,0.0007604943,0.0002901886,0.0243958573,0.00002,0.0006704358,0,0.3198078751,0.0052534147,0.040186121,0,0.0008405464,0.00821534,0.0063341172,0.001150748,0.00001,0.0001701106,0.0000801,0.0002701756,0.0822534648,0.0002401561,0.0456696853,0.023555311,0.0008405464,0.0008105268,0,0.0085855806,0.0003202081,0.0031720618,0.0186521239,0.0002801821,0.1133136539,0.0021714114,0,0.0001400911,0.002481613,0.0016110472,0.0125181368,0.0001200781,0.0020113073,0.0054035123,0.0007104618,0.0019212488,0.0011207285,0,0.0094161205
ameenkhan07,0.0090946672,0,0.0024803638,0.0078544853,0.0028937578,0,0,0,0.0140553948,0,0,0.0384456387,0.0562215792,0,0,0.0372054568,0,0.0090946672,0,0,0.0735841257,0,0.0028937578,0.0082678793,0,0,0.0045473336,0,0.000413394,0,0,0,0,0,0,0.0028937578,0,0,0,0.0041339396,0.0099214551,0,0.0008267879,0,0.2935097148,0.0417527904,0.0157089706,0,0.0070276974,0.0012401819,0,0,0.000413394,0.0037205457,0.0008267879,0,0.1153369161,0.0033071517,0.057875155,0.0099214551,0,0.0016535759,0,0.0210830922,0.0033071517,0,0,0.0045473336,0.0099214551,0,0,0.0008267879,0.0041339396,0.0020669698,0.0773046714,0.000413394,0.0020669698,0.0070276974,0,0.0090946672,0,0,0.0210830922
rahul,0.0152411441,0.0024589974,0.0053355603,0.0077249635,0.0019486394,0,0,0.0001159904,0.0335908321,0.0002087828,0,0.0126429582,0.0597582759,0.0051267776,0.0000928,0.0021110261,0,0.017560953,0,0.0002087828,0.0724476303,0,0.0000464,0.0131765143,0.0003247732,0.0000696,0.0148699747,0,0.0004639618,0.0002087828,0,0.0001623866,0.0001159904,0,0.0006031503,0.001832649,0,0.0000696,0,0.0047556081,0.0193240077,0,0,0,0.3950402487,0.0257962744,0.0180249147,0,0.0046164196,0.0125501659,0.0012526968,0.0011599044,0.0029925534,0.0004871599,0.0001391885,0.0000696,0.0192776115,0.0035725056,0.037766488,0.0166098313,0.0027141764,0.0006727446,0.0001391885,0.0078409539,0.0019022433,0.0009511216,0.0140580416,0.0000464,0.0572064862,0.0003247732,0.0001391885,0.0019022433,0.0011367063,0.0011367063,0.0587143619,0.0005799522,0.0004407637,0.0014614796,0.0015542719,0.002366205,0.0044076368,0,0.0083513119
routeaccess,0.018735363,0,0,0.0023419204,0.0035128806,0,0,0,0.0199063232,0,0,0.0070257611,0.0620608899,0,0,0.0105386417,0,0.018735363,0,0.0035128806,0.0655737705,0.0011709602,0.0011709602,0.0093676815,0,0,0,0,0.0046838407,0.0070257611,0,0,0,0,0,0.0035128806,0,0,0,0,0.0140515222,0,0,0,0.2552693208,0.0070257611,0.0421545667,0,0,0.0093676815,0.0070257611,0,0,0,0.0023419204,0,0.1662763466,0,0.0608899297,0.0140515222,0,0.0011709602,0,0.0023419204,0,0,0.0351288056,0,0.0995316159,0,0,0,0.0046838407,0.0058548009,0.0058548009,0,0,0.0046838407,0.0070257611,0.0023419204,0,0,0.0140515222
jptiancai,0.0039316802,0.0003657377,0.0000183,0.0009874918,0.0008594836,0,0,0,0.0113195816,0.0002377295,0,0.0003657377,0.0385121791,0.0002560164,0,0.0000183,0,0.0042974179,0,0.000640041,0.0238095238,0.000786336,0.0000183,0.003492795,0,0.000164582,0.0707519567,0,0.000310877,0.0006583278,0,0,0,0,0,0.0008594836,0,0.0000183,0.0002560164,0.0000183,0.007296467,0,0.0001828688,0,0.1140735864,0.0037670982,0.0148306634,0,0.0001280082,0.067698047,0.0020481311,0.0000183,0,0.0000183,0.0001462951,0.0000183,0.4278948138,0,0.0204813108,0.0071867457,0.0001097213,0.0004571721,0,0.0025053032,0.0000549,0.003492795,0.0146843684,0.0006217541,0.0495940312,0.0000914,0,0,0.0020847048,0.0007680492,0.0057786555,0,0.0006034672,0.0848877185,0.0000366,0.000950918,0.0002560164,0,0.004279131
svakeeswaran,0,0,0,0,0,0,0,0,0,0,0,0,0,0,0,0.3333333333,0,0,0,0,0,0,0,0,0,0,0,0,0,0,0,0,0,0,0,0,0,0,0,0,0,0,0,0,0,0,0,0,0,0,0,0,0,0,0,0,0.3333333333,0,0,0,0,0,0,0,0,0,0,0,0,0,0,0,0.3333333333,0,0,0,0,0,0,0,0,0,0
seowyanyi,0.0170963972,0.0097008929,0.0036794916,0.0026705988,0.0022871282,0.0000137,0.0000913,0,0.0156081661,0.0002145609,0.00000457,0.0061446597,0.0720422548,0.0013193214,0.0003697752,0.0002967332,0.0004930336,0.0207758888,0.000073,0.0006802038,0.0661167211,0.0013421471,0.0002145609,0.0052818509,0.0005615105,0.0026934244,0.0213556598,0,0.0004199916,0.0006802038,0.0002373866,0.0009130252,0.0006710735,0.0000457,0.00054325,0.0014927962,0.000032,0.0001323887,0.0005660756,0.0054188047,0.010933477,0,0.0002373866,0.0000228,0.2774820591,0.019876559,0.0243869036,0,0.002136479,0.0156218615,0.0006665084,0.0002510819,0.0016434454,0.0001597794,0.0002099958,0.0001369538,0.0313030696,0.0024012563,0.0483538155,0.0107736976,0.0001597794,0.0008765042,0.0051905484,0.0116730274,0.0010910651,0.0014608403,0.017703559,0.0009495462,0.0735259208,0.0009632416,0.0000365,0.0011914979,0.0014699706,0.0012964958,0.1566203459,0.0006482479,0.0009130252,0.0008080273,0.0005386849,0.0049120757,0.0007715063,0.0000137,0.0083085295
SmitBawkar,0.0122405535,0,0.0026609899,0.0159659393,0,0,0,0,0.0345928685,0,0,0.0042575838,0.094199042,0.0021287919,0,0,0,0.0122405535,0,0,0.0569451836,0,0.000532198,0.0085151676,0.000532198,0,0,0,0.000532198,0,0,0,0,0,0.000532198,0,0,0,0,0.000532198,0.0186269292,0,0,0,0.2873869079,0.0053219798,0.0521554018,0,0.0026609899,0.0175625333,0.0026609899,0.000532198,0,0.001064396,0,0,0.1165513571,0.000532198,0.0356572645,0.0180947312,0.000532198,0.001064396,0,0.0117083555,0.0015965939,0,0.0037253858,0.0015965939,0.1154869612,0,0,0.0015965939,0.0015965939,0.0015965939,0.0377860564,0.001064396,0,0,0,0.0053219798,0.0015965939,0,0.0085151676
pratik98,0.0115104962,0.0002643995,0.0004695371,0.0029904497,0.001481549,0,0,0.0000547,0.0238050737,0.0004285096,0.00000456,0.0035602763,0.0759054544,0.0012308253,0.000870695,0.0012399426,0,0.0117748957,0.0000638,0.001399494,0.0525790349,0.001481549,0.00016411,0.0091309006,0.0001504342,0.0004604198,0.0222505869,0,0.0005151232,0.0014861076,0.00000456,0,0.0000365,0.0000274,0.0002780754,0.0014450801,0,0.0001914617,0.0004193923,0.0004148337,0.0143733048,0.0000319,0.0003464545,0,0.2564037107,0.0064823468,0.0281129624,0,0.000893488,0.0241424111,0.0027214916,0.0000456,0.0000775,0.0001321998,0.0002871926,0.0001914617,0.1945159893,0.0008843708,0.0435484239,0.0139265608,0.000446744,0.0009664258,0,0.0081280058,0.0007020263,0.0018872655,0.0168714243,0.0006108541,0.0902468489,0.000893488,0.0000274,0.0002735167,0.0019328516,0.001481549,0.016087343,0.0000821,0.0015955143,0.029375698,0.0004057165,0.0026439952,0.0008843708,0.00000912,0.0092403073
dremelofdeath,0.0179964631,0.0018724644,0.0017684386,0.0032247998,0.0034328513,0,0,0,0.0479558931,0.0013523354,0.0002080516,0.0116508894,0.0767710392,0.0001040258,0.002080516,0.0002080516,0,0.0198689275,0,0.0022885676,0.0597108083,0.0016644128,0,0.0220534693,0.0008322064,0,0.0048892125,0,0.0019764902,0.0024966192,0.0001040258,0.0006241548,0,0,0,0.0034328513,0,0.0001040258,0.0002080516,0.0017684386,0.0177884115,0,0.0007281806,0,0.3460938313,0.016019973,0.010818683,0,0.0055133673,0.0042650577,0.001040258,0,0.0001040258,0.0001040258,0,0.0001040258,0.0664724852,0,0.0473317383,0.0169562051,0.0008322064,0.0018724644,0,0.0176843857,0.002080516,0.0053053157,0.0104025798,0.0008322064,0.052116925,0.0006241548,0,0.0018724644,0.0007281806,0.0038489545,0.0322479975,0.0007281806,0.001040258,0.0091542703,0.0003120774,0.0068657027,0.0001040258,0,0.027358785
nishant57,0.0099357101,0.0017533606,0.0005844535,0.0029222677,0.0005844535,0,0,0,0.0151957919,0,0,0.0023378141,0.0859146698,0,0,0.0046756283,0,0.0116890707,0,0.0011689071,0.0829924021,0,0,0.0146113384,0,0,0.0058445354,0,0.0005844535,0.0011689071,0,0,0,0,0,0.0005844535,0,0,0,0,0.0122735243,0,0,0,0.2869666861,0.0023378141,0.0187025132,0,0.0005844535,0.0023378141,0.0070134424,0,0,0,0,0,0.1239041496,0,0.0789012274,0.0122735243,0,0.0011689071,0,0.0052600818,0.0005844535,0,0.0397428404,0,0.1034482759,0,0,0,0.0070134424,0.0017533606,0.025131502,0,0.0005844535,0.0116890707,0,0.0040911748,0,0,0.0116890707
umangmathur92,0.0207300586,0.0027039207,0.0015772871,0.0022532672,0.0020279405,0,0,0,0.0108156827,0,0,0.0072104552,0.1063542136,0.0056331681,0.0042812078,0,0.0004506534,0.023659306,0.0002253267,0.0004506534,0.0786390266,0,0.0002253267,0.0137449301,0,0,0.0103650293,0,0.0011266336,0.0004506534,0,0,0,0,0,0.0020279405,0,0,0.0020279405,0.0031545741,0.0090130689,0,0,0,0.3188373141,0.0198287517,0.0193780982,0,0.0006759802,0.0033799009,0,0,0.0006759802,0.0002253267,0,0,0.0563316809,0.0074357819,0.0531771068,0.0076611086,0.0013519603,0.0015772871,0.0002253267,0.0153222172,0.0020279405,0.0002253267,0.0148715638,0.0029292474,0.0867507886,0.0036052276,0.0002253267,0.0009013069,0.0022532672,0.0027039207,0.0414601172,0.0002253267,0.0006759802,0.0042812078,0.0027039207,0.0009013069,0.0051825146,0,0.0128436233
jsinix,0.0195427729,0.0014749263,0.0007374631,0.0099557522,0,0,0,0,0.0092182891,0.0011061947,0,0.0136430678,0.0848082596,0.0007374631,0,0.0280235988,0,0.0210176991,0,0.0044247788,0.0719026549,0,0.0007374631,0.0055309735,0,0,0.0025811209,0,0.0003687316,0.0044247788,0,0.0003687316,0,0,0.0003687316,0,0,0,0.0003687316,0.0033185841,0.014380531,0,0,0,0.2850294985,0.0324483776,0.0350294985,0,0.0011061947,0.0055309735,0,0,0.0003687316,0.0018436578,0,0,0.0837020649,0.0003687316,0.0575221239,0.014380531,0,0,0,0.0199115044,0.0018436578,0.0147492625,0.0077433628,0.008480826,0.0564159292,0,0,0.0003687316,0.0066371681,0.0003687316,0.0453539823,0.0007374631,0,0.0011061947,0,0.008480826,0.0003687316,0,0.0110619469
madratman,0.0194923488,0.0026111246,0.0006072383,0.0037648773,0.0043113918,0,0,0,0.0262326937,0.0011537527,0,0.0085620598,0.0799732815,0.0008501336,0.0007286859,0.0004250668,0,0.0221034734,0,0.001760991,0.0613917901,0.0025504008,0.0005465145,0.0122662133,0.0002428953,0.0002428953,0.0082584406,0,0.0012752004,0.0018217148,0,0,0.0000607,0,0,0.004250668,0,0.0001214477,0,0.0006072383,0.0131163469,0,0.0005465145,0,0.2795725043,0.0117804226,0.0235608453,0,0.0020646102,0.0043113918,0.0030361914,0,0,0.000364343,0.0006072383,0.0001214477,0.0955185815,0.0001214477,0.0504615011,0.0129948992,0.0001214477,0.0035827059,0,0.0122662133,0.0011537527,0.0039470488,0.0330337624,0.001396648,0.117925674,0.0004250668,0.0000607,0.000364343,0.0017002672,0.0048579062,0.0231965023,0.0005465145,0.0023682293,0.004250668,0,0.0046150109,0.0008501336,0,0.0189458343
rahimnathwani,0.0085592186,0.0010607055,0.0007970619,0.0021581984,0.0025383356,0,0,0,0.0212018467,0.000625387,0,0.0036910098,0.0556471836,0.0006437808,0.0003188248,0.0015082864,0,0.0096199241,0.0000368,0.00162478,0.0414840066,0.0010607055,0.0002697748,0.0074617257,0.0002452498,0.0003923997,0.0435502364,0,0.0010177867,0.0017719299,0.00000613,0.0000123,0.0000245,0.0001410186,0.0001961999,0.0025015481,0.0000123,0.0002207248,0.0003433497,0.0006315183,0.0119681911,0,0.0004107934,0.0000123,0.1956786982,0.008442725,0.0202821599,0,0.0011220179,0.0396752892,0.0023114795,0.0000613,0.0000123,0.0002023311,0.000374006,0.0002636436,0.2831899644,0.0003801372,0.0338506061,0.0116493663,0.0003188248,0.0018393736,0,0.0075720881,0.0006069933,0.0039791783,0.0135929711,0.0006376495,0.0640653836,0.0007418807,0.0000245,0.0003923997,0.0016370425,0.0028571604,0.0160822568,0.0000674,0.0013182178,0.0474435772,0.0001594124,0.0028571604,0.0004414497,0.00000613,0.0120969473
aminator,0.0110283981,0.0011028398,0.0001838066,0.0028490028,0.0056061024,0,0,0,0.0259167356,0.0004595166,0,0.0032166161,0.1016450694,0.0012866464,0.0000919,0.0011028398,0,0.0121312379,0.0001838066,0.0032166161,0.0534877309,0.0016542597,0.0005514199,0.0185644702,0,0.0022975829,0.0068008455,0,0.0010109365,0.0033085194,0.0000919,0,0,0.0008271299,0.0003676133,0.0056061024,0,0.0001838066,0.0015623564,0.0001838066,0.0152559507,0,0.00027571,0,0.3047514015,0.005789909,0.0417241062,0,0.00027571,0.003768036,0.0025732929,0.0000919,0,0.00027571,0.00027571,0.00027571,0.0831725025,0,0.0425512361,0.0151640474,0.0000919,0.0008271299,0,0.008087492,0.0003676133,0.0022056796,0.0154397574,0.0008271299,0.1524676041,0.0008271299,0,0.0003676133,0.0022056796,0.0018380664,0.0086389119,0.0000919,0.0011028398,0.0010109365,0.0001838066,0.0041356493,0.0008271299,0,0.0157154673
vjex,0.0211005379,0.0018215878,0.0010975498,0.0070794833,0.0007815014,0,0,0,0.0353054751,0.0006206041,0.000046,0.0082287501,0.0718406657,0.0012641934,0.000189629,0.003252425,0,0.0229221257,0.000499931,0.0010285938,0.0582850641,0.0004424677,0.0001953754,0.0135096309,0.0003390337,0.00000575,0.0175493035,0,0.000448214,0.0010343401,0.0010458328,0.0000115,0.0000402,0.0000172,0.0006723211,0.0007412771,0,0.000430975,0.000023,0.0005803797,0.0190490967,0,0.0006608284,0.000499931,0.2816852848,0.0133027628,0.023220935,0,0.003838551,0.0183365513,0.0022927872,0.000275824,0.0000115,0.0003390337,0.0003390337,0.000482692,0.1125017239,0.0002298534,0.0404139659,0.0188767067,0.00017239,0.0008447111,0,0.011429458,0.0007642624,0.0042580334,0.0020284558,0.0020686802,0.1077667448,0.0005229164,0.0000862,0.000362019,0.0007297844,0.0012929251,0.0326104445,0.0004539604,0.0014825541,0.0062864892,0.000023,0.0046890084,0.0005746334,0.0006320967,0.0121132717
pareekrachit,0.0040650407,0,0,0.012195122,0.0081300813,0,0,0,0.0081300813,0,0,0.0243902439,0.087398374,0,0,0.006097561,0,0.0040650407,0,0.0081300813,0.1016260163,0,0,0.0081300813,0,0,0.006097561,0,0,0.0081300813,0,0,0.0040650407,0,0,0.0040650407,0,0,0.0081300813,0.0040650407,0.0081300813,0,0,0,0.3150406504,0.0243902439,0.0142276423,0,0.0040650407,0.0040650407,0,0,0,0,0,0,0.0914634146,0,0.0650406504,0.0081300813,0,0,0,0.0081300813,0,0,0,0,0.0955284553,0,0,0,0.0040650407,0,0.0243902439,0,0,0.0040650407,0,0.0081300813,0,0,0.0142276423
liveashish,0.0408821947,0,0.0021516945,0.0075309306,0,0,0,0,0,0,0,0.0118343195,0.0672404519,0,0,0.0155997848,0,0.0408821947,0,0,0.1059709521,0,0,0,0.0005379236,0,0.006993007,0,0,0,0,0,0,0,0,0,0,0,0,0,0.0048413125,0,0,0,0.3243679398,0.0129101668,0.0188273265,0,0.0016137708,0.0010758472,0,0,0,0.0010758472,0,0,0.0677783755,0,0.0968262507,0.0048413125,0,0.0010758472,0,0.0064550834,0.0016137708,0.0005379236,0.0021516945,0,0.065626681,0.0005379236,0,0.0016137708,0.0016137708,0.0010758472,0.0763851533,0.0005379236,0.0010758472,0.0010758472,0,0.0005379236,0,0,0.0043033889
abhi92,0.0204379562,0.002919708,0.001459854,0.0189781022,0.001459854,0,0,0.001459854,0.0262773723,0,0,0.0116788321,0.0875912409,0.0087591241,0,0.001459854,0,0.0233576642,0,0,0.0905109489,0.001459854,0,0.0102189781,0.002919708,0,0.0058394161,0,0,0,0,0,0,0,0,0.001459854,0,0,0.002919708,0.001459854,0.0160583942,0,0,0,0.3474452555,0.0189781022,0.0350364964,0,0.001459854,0.002919708,0,0.001459854,0.001459854,0,0,0,0.0321167883,0.002919708,0.0481751825,0.0160583942,0,0.001459854,0,0.0116788321,0,0.001459854,0.0145985401,0.002919708,0.0510948905,0.001459854,0,0.001459854,0.004379562,0.001459854,0.0379562044,0,0,0.001459854,0,0.002919708,0.0072992701,0,0.0116788321
Niharika29,0.0015625,0,0,0,0,0,0,0,0.0015625,0,0,0.0078125,0.0640625,0,0,0,0,0.0015625,0,0.0015625,0.1234375,0.0015625,0,0.0015625,0,0,0.028125,0,0,0.0015625,0,0,0,0,0,0,0,0,0,0,0.0015625,0,0,0,0.253125,0.0078125,0.0171875,0,0.00625,0.01875,0,0,0,0,0,0,0.253125,0,0.1171875,0.0015625,0,0,0,0.0015625,0,0.00625,0.0015625,0,0.0265625,0,0,0,0.0140625,0,0.00625,0,0,0.028125,0,0.0015625,0,0,0.003125
govg,0.0089193543,0.001658613,0.0009193236,0.0034685314,0.0032904124,0.0000115,0.00000766,0,0.0277520814,0.0007143911,0.0000287,0.0040488544,0.0604800018,0.0011951207,0.0011223409,0.0006933232,0,0.010576052,0.0001513053,0.002357682,0.0502812556,0.0029475813,0.0004175261,0.0115700707,0.000386882,0.0002968649,0.0214279011,0.00000383,0.0016815961,0.0025281399,0.0001398138,0.0001225765,0.0001302375,0.000201102,0.0001570511,0.0031505986,0.00000192,0.0003351701,0.0000632,0.000758442,0.0140407528,0,0.0006224587,0.0000555,0.2541834012,0.0098731525,0.0215006809,0,0.0014402737,0.0089155237,0.0025606993,0.0006052214,0.0000306,0.0004922212,0.0004922212,0.0003773057,0.0920491915,0.0001991868,0.0373513521,0.0134221247,0.0006186282,0.0023040548,0.00000192,0.0105952046,0.0007431199,0.0047728217,0.006812571,0.0007277979,0.077282556,0.0017199012,0.0000555,0.0006147977,0.0013119514,0.0039856509,0.1742482135,0.0002700513,0.0015034772,0.0094766942,0.0000632,0.0029935475,0.0010246628,0.0000862,0.0165784691
aryak93,0.0083267248,0.0019825535,0.0051546392,0.0031720856,0.0003965107,0,0,0,0.0103092784,0,0,0.0095162569,0.0757335448,0.0031720856,0,0.020222046,0,0.0103092784,0,0.0011895321,0.0824742268,0.0003965107,0.0003965107,0.0043616178,0.0019825535,0,0.0138778747,0,0.0007930214,0.0011895321,0,0,0.0003965107,0,0.0003965107,0,0,0,0,0.0083267248,0.0083267248,0,0.0003965107,0,0.2842981761,0.0432196669,0.0218080888,0,0.0059476606,0.0027755749,0.0007930214,0,0.0015860428,0.0043616178,0,0,0.0785091197,0.006740682,0.0614591594,0.0083267248,0,0.0003965107,0,0.0257731959,0.0019825535,0.0178429818,0.0011895321,0.0003965107,0.0368754956,0,0,0.0011895321,0.0099127676,0.0011895321,0.0626486915,0,0.0015860428,0.0027755749,0.0015860428,0.0182394925,0.0027755749,0,0.0210150674
prakashn27,0,0,0,0,0,0,0,0,0.025,0,0,0,0.05,0,0,0.025,0,0,0,0,0.1,0,0,0,0,0,0,0,0,0,0,0,0,0,0,0,0,0,0,0,0.025,0,0,0,0.325,0,0.025,0,0,0,0,0,0,0,0,0,0.125,0,0.1,0.025,0,0,0,0,0,0,0.05,0,0.075,0,0,0,0.025,0,0,0,0,0.025,0,0,0,0,0
shyam057cs,0.014619883,0,0,0.0087719298,0,0,0,0,0.0116959064,0,0,0,0.1052631579,0,0,0.0175438596,0,0.014619883,0,0.0029239766,0.0789473684,0,0,0.0087719298,0,0,0.0058479532,0,0,0.0029239766,0,0,0,0,0,0,0,0,0,0.0029239766,0.0087719298,0,0,0,0.3304093567,0.0116959064,0.0409356725,0,0,0.0058479532,0,0,0,0,0,0,0.0701754386,0.0029239766,0.0701754386,0.0087719298,0,0,0,0.0087719298,0,0.0058479532,0.0263157895,0,0.0994152047,0.0029239766,0,0,0.0029239766,0,0.014619883,0,0.0029239766,0,0,0.0029239766,0,0,0.0087719298
vivekaxl,0.0182611545,0.0011987629,0.0065612288,0.0067450391,0.000807167,0,0,0.000032,0.0322227461,0.0004555299,0,0.0105730886,0.0691126757,0.0035962886,0.0001038928,0.0023096165,0,0.0194599174,0,0.0005993814,0.0639340201,0.0002157773,0.0004555299,0.0130025813,0.0005754062,0.0016622845,0.0090226886,0,0.0005274557,0.0005993814,0.00000799,0.0000799,0.0002557361,0,0.0007272495,0.0005514309,0,0.000024,0.000016,0.0068649154,0.0142173277,0.00000799,0.00004,0,0.3376115848,0.0273717524,0.0116919339,0,0.0031087917,0.0125070927,0.0011827794,0.0001038928,0.0013745814,0.0006153649,0.0002077856,0.000024,0.0171902597,0.003260635,0.0413892863,0.0128427463,0.0013745814,0.0021977319,0,0.0149126102,0.001678268,0.0017581856,0.005458367,0.0004795052,0.054895348,0.0001918021,0.00004,0.0021657649,0.0004715134,0.0027251876,0.1311766257,0.000807167,0.000679299,0.0006952825,0.0006233567,0.0084472824,0.0028290804,0,0.0110845607
nkcsgexi,0.0344827586,0,0.0040567951,0.0081135903,0,0,0,0,0.0283975659,0,0,0.0344827586,0.093306288,0,0,0,0,0.0344827586,0,0,0.0649087221,0,0,0.0202839757,0,0,0,0,0,0,0,0,0,0,0,0,0,0,0.0020283976,0,0.0202839757,0,0,0,0.2961460446,0.0385395538,0.0202839757,0,0.0040567951,0.0040567951,0.0020283976,0,0,0,0.0040567951,0,0.0283975659,0.0040567951,0.0507099391,0.0202839757,0,0,0,0.0202839757,0.0020283976,0,0,0.0081135903,0.0527383367,0,0,0,0.0020283976,0,0.0689655172,0,0,0,0,0.0101419878,0,0,0.0182555781
milangupta511,0.0040650407,0,0,0.012195122,0.0081300813,0,0,0,0.0081300813,0,0,0.0243902439,0.087398374,0,0,0.006097561,0,0.0040650407,0,0.0081300813,0.1016260163,0,0,0.0081300813,0,0,0.006097561,0,0,0.0081300813,0,0,0.0040650407,0,0,0.0040650407,0,0,0.0081300813,0.0040650407,0.0081300813,0,0,0,0.3150406504,0.0243902439,0.0142276423,0,0.0040650407,0.0040650407,0,0,0,0,0,0,0.0914634146,0,0.0650406504,0.0081300813,0,0,0,0.0081300813,0,0,0,0,0.0955284553,0,0,0,0.0040650407,0,0.0243902439,0,0,0.0040650407,0,0.0081300813,0,0,0.0142276423
Harishwar,0.0070175439,0,0,0,0,0,0,0,0.0105263158,0,0,0,0.0877192982,0,0,0.0052631579,0,0.0070175439,0,0,0.0596491228,0,0,0.0105263158,0,0,0.0298245614,0,0,0,0,0,0,0,0,0,0,0,0,0,0.0105263158,0,0,0,0.2192982456,0,0.0122807018,0,0,0.0192982456,0.0087719298,0,0,0,0,0,0.1842105263,0,0.0596491228,0.0105263158,0,0,0,0.001754386,0,0,0.0947368421,0,0.101754386,0,0,0,0.0228070175,0,0.0280701754,0,0,0.0052631579,0,0.001754386,0,0,0.001754386
timm,0.0107107237,0.0022548892,0.0062876718,0.0094098261,0.0020814362,0,0,0,0.040631369,0.0003902693,0,0.0156541347,0.0640041629,0.0031221543,0,0.0046832314,0,0.0126620702,0,0.0004769958,0.0774467716,0.0001300898,0.000173453,0.0159576775,0.0005637223,0,0.0241966957,0,0.0008672651,0.0004769958,0,0.0001300898,0.0000434,0,0.0009539916,0.0020380729,0,0,0.0000434,0.0067646676,0.024066606,0,0,0,0.3298209098,0.0314383591,0.0174320281,0,0.0068947574,0.0088461038,0.0020814362,0.0012141711,0.0036858766,0.0002601795,0.0001300898,0,0.0234595204,0.0044664152,0.0356012315,0.0206409089,0.0034256971,0.0009106283,0.0003035428,0.0093664629,0.0024283422,0.0013442609,0.0169550323,0.0003035428,0.0693812064,0,0,0.0019513464,0.0014743506,0.0017778934,0.0565890464,0.0004336325,0.0006938121,0.0018212567,0.0015177139,0.0032088808,0.0021681627,0,0.0117514418
